--
-- PostgreSQL database dump
--

-- Dumped from database version 17.2 (Debian 17.2-1.pgdg110+1)
-- Dumped by pg_dump version 17.2 (Debian 17.2-1.pgdg110+1)

SET statement_timeout = 0;
SET lock_timeout = 0;
SET idle_in_transaction_session_timeout = 0;
SET transaction_timeout = 0;
SET client_encoding = 'UTF8';
SET standard_conforming_strings = on;
SELECT pg_catalog.set_config('search_path', '', false);
SET check_function_bodies = false;
SET xmloption = content;
SET client_min_messages = warning;
SET row_security = off;

--
-- Name: tiger; Type: SCHEMA; Schema: -; Owner: map_db
--

CREATE SCHEMA tiger;


ALTER SCHEMA tiger OWNER TO map_db;

--
-- Name: tiger_data; Type: SCHEMA; Schema: -; Owner: map_db
--

CREATE SCHEMA tiger_data;


ALTER SCHEMA tiger_data OWNER TO map_db;

--
-- Name: topology; Type: SCHEMA; Schema: -; Owner: map_db
--

CREATE SCHEMA topology;


ALTER SCHEMA topology OWNER TO map_db;

--
-- Name: SCHEMA topology; Type: COMMENT; Schema: -; Owner: map_db
--

COMMENT ON SCHEMA topology IS 'PostGIS Topology schema';


--
-- Name: fuzzystrmatch; Type: EXTENSION; Schema: -; Owner: -
--

CREATE EXTENSION IF NOT EXISTS fuzzystrmatch WITH SCHEMA public;


--
-- Name: EXTENSION fuzzystrmatch; Type: COMMENT; Schema: -; Owner: 
--

COMMENT ON EXTENSION fuzzystrmatch IS 'determine similarities and distance between strings';


--
-- Name: postgis; Type: EXTENSION; Schema: -; Owner: -
--

CREATE EXTENSION IF NOT EXISTS postgis WITH SCHEMA public;


--
-- Name: EXTENSION postgis; Type: COMMENT; Schema: -; Owner: 
--

COMMENT ON EXTENSION postgis IS 'PostGIS geometry and geography spatial types and functions';


--
-- Name: postgis_tiger_geocoder; Type: EXTENSION; Schema: -; Owner: -
--

CREATE EXTENSION IF NOT EXISTS postgis_tiger_geocoder WITH SCHEMA tiger;


--
-- Name: EXTENSION postgis_tiger_geocoder; Type: COMMENT; Schema: -; Owner: 
--

COMMENT ON EXTENSION postgis_tiger_geocoder IS 'PostGIS tiger geocoder and reverse geocoder';


--
-- Name: postgis_topology; Type: EXTENSION; Schema: -; Owner: -
--

CREATE EXTENSION IF NOT EXISTS postgis_topology WITH SCHEMA topology;


--
-- Name: EXTENSION postgis_topology; Type: COMMENT; Schema: -; Owner: 
--

COMMENT ON EXTENSION postgis_topology IS 'PostGIS topology spatial types and functions';


SET default_tablespace = '';

SET default_table_access_method = heap;

--
-- Name: blocks; Type: TABLE; Schema: public; Owner: map_db
--

CREATE TABLE public.blocks (
    id integer NOT NULL,
    project_id integer,
    name character varying(100) NOT NULL,
    coordinates public.geometry(Polygon,4326),
    description text
);


ALTER TABLE public.blocks OWNER TO map_db;

--
-- Name: blocks_id_seq; Type: SEQUENCE; Schema: public; Owner: map_db
--

CREATE SEQUENCE public.blocks_id_seq
    AS integer
    START WITH 1
    INCREMENT BY 1
    NO MINVALUE
    NO MAXVALUE
    CACHE 1;


ALTER SEQUENCE public.blocks_id_seq OWNER TO map_db;

--
-- Name: blocks_id_seq; Type: SEQUENCE OWNED BY; Schema: public; Owner: map_db
--

ALTER SEQUENCE public.blocks_id_seq OWNED BY public.blocks.id;


--
-- Name: lots; Type: TABLE; Schema: public; Owner: map_db
--

CREATE TABLE public.lots (
    id integer NOT NULL,
    name character varying(100) NOT NULL,
    coordinates public.geometry(Polygon,4326),
    status character varying(100) DEFAULT 'available'::character varying,
    surface numeric(10,2) NOT NULL,
    discount numeric(10,2),
    initial_payment numeric(10,2),
    number_of_installments integer DEFAULT 6,
    monto_financiado numeric(10,2),
    cuota_mensual numeric(10,2),
    price numeric NOT NULL,
    reserved_until timestamp without time zone,
    reserved_by character varying(100),
    reserved_for character varying(100),
    description character varying(100),
    block_id integer
);


ALTER TABLE public.lots OWNER TO map_db;

--
-- Name: lots_id_seq; Type: SEQUENCE; Schema: public; Owner: map_db
--

CREATE SEQUENCE public.lots_id_seq
    AS integer
    START WITH 1
    INCREMENT BY 1
    NO MINVALUE
    NO MAXVALUE
    CACHE 1;


ALTER SEQUENCE public.lots_id_seq OWNER TO map_db;

--
-- Name: lots_id_seq; Type: SEQUENCE OWNED BY; Schema: public; Owner: map_db
--

ALTER SEQUENCE public.lots_id_seq OWNED BY public.lots.id;


--
-- Name: projects; Type: TABLE; Schema: public; Owner: map_db
--

CREATE TABLE public.projects (
    id integer NOT NULL,
    name character varying(100) NOT NULL,
    location character varying(100) NOT NULL,
    coordinates public.geometry(Polygon,4326),
    photos text[],
    description text
);


ALTER TABLE public.projects OWNER TO map_db;

--
-- Name: projects_id_seq; Type: SEQUENCE; Schema: public; Owner: map_db
--

CREATE SEQUENCE public.projects_id_seq
    AS integer
    START WITH 1
    INCREMENT BY 1
    NO MINVALUE
    NO MAXVALUE
    CACHE 1;


ALTER SEQUENCE public.projects_id_seq OWNER TO map_db;

--
-- Name: projects_id_seq; Type: SEQUENCE OWNED BY; Schema: public; Owner: map_db
--

ALTER SEQUENCE public.projects_id_seq OWNED BY public.projects.id;


--
-- Name: streets; Type: TABLE; Schema: public; Owner: map_db
--

CREATE TABLE public.streets (
    id integer NOT NULL,
    project_id integer,
    name character varying(100) NOT NULL,
    coordinates public.geometry(LineString,4326) NOT NULL
);


ALTER TABLE public.streets OWNER TO map_db;

--
-- Name: streets_id_seq; Type: SEQUENCE; Schema: public; Owner: map_db
--

CREATE SEQUENCE public.streets_id_seq
    AS integer
    START WITH 1
    INCREMENT BY 1
    NO MINVALUE
    NO MAXVALUE
    CACHE 1;


ALTER SEQUENCE public.streets_id_seq OWNER TO map_db;

--
-- Name: streets_id_seq; Type: SEQUENCE OWNED BY; Schema: public; Owner: map_db
--

ALTER SEQUENCE public.streets_id_seq OWNED BY public.streets.id;


--
-- Name: blocks id; Type: DEFAULT; Schema: public; Owner: map_db
--

ALTER TABLE ONLY public.blocks ALTER COLUMN id SET DEFAULT nextval('public.blocks_id_seq'::regclass);


--
-- Name: lots id; Type: DEFAULT; Schema: public; Owner: map_db
--

ALTER TABLE ONLY public.lots ALTER COLUMN id SET DEFAULT nextval('public.lots_id_seq'::regclass);


--
-- Name: projects id; Type: DEFAULT; Schema: public; Owner: map_db
--

ALTER TABLE ONLY public.projects ALTER COLUMN id SET DEFAULT nextval('public.projects_id_seq'::regclass);


--
-- Name: streets id; Type: DEFAULT; Schema: public; Owner: map_db
--

ALTER TABLE ONLY public.streets ALTER COLUMN id SET DEFAULT nextval('public.streets_id_seq'::regclass);


--
-- Data for Name: blocks; Type: TABLE DATA; Schema: public; Owner: map_db
--

COPY public.blocks (id, project_id, name, coordinates, description) FROM stdin;
3	7	Manzana 1	0103000020E610000001000000050000008AD7D2E83E094DC0712C530A3F8441C08414CD332E094DC0D3BA8837308441C086F227221F094DC09F775BFD3A8441C0D43035CA2F094DC0A0292D404A8441C08AD7D2E83E094DC0712C530A3F8441C0	\N
4	7	manzana 2	0103000020E61000000100000005000000231F27022E094DC09E66A5584B8441C0591898281D094DC0B506BE543C8441C0B49F126B0C094DC0744ACD25498441C0C08253C91C094DC08FD4BA5F588441C0231F27022E094DC09E66A5584B8441C0	\N
5	7	manzana 3	0103000020E610000001000000050000004C63F2F01A094DC060821FB5598441C082E7E04C0A094DC0CB45ABB44A8441C04DCEBD66F9084DC05F80D87A578441C0C6265C070A094DC0F247CAB0668441C04C63F2F01A094DC060821FB5598441C0	\N
24	8	Manzano 14	0103000020E61000000100000005000000AD9DD94A810B4DC0F08BA2AA697941C016128E50760B4DC05279897A5E7941C08F52A0BA720B4DC0DF4C3A77627941C0F629B3877B0B4DC02D6F92AD6D7941C0AD9DD94A810B4DC0F08BA2AA697941C0	\N
8	7	manzana 6	0103000020E61000000100000005000000E9006FA42D094DC0EE9FA12C6B8441C0A27654511D094DC078F503065C8441C0FD356A3A0C094DC04D5FC5DF688441C0272EAEB31C094DC045FB5957788441C0E9006FA42D094DC0EE9FA12C6B8441C0	\N
6	7	manzana 4	0103000020E610000001000000050000009ADDDE5751094DC0A811DF34508441C0C680253141094DC0FE53C7DF408441C0991106E131094DC048A38B544C8441C072120F8D42094DC0B6CABAD95B8441C09ADDDE5751094DC0A811DF34508441C0	\N
7	7	manzana 5	0103000020E6100000010000000500000076BB2FE640094DC06E2635F05C8441C00D046DF62F094DC0997515744D8441C0B47AF2C11E094DC08A47DDA75A8441C05D75DC792F094DC0C32B06156A8441C076BB2FE640094DC06E2635F05C8441C0	\N
15	8	Manzano 8	0103000020E61000000100000005000000CFE93067C50B4DC0B859755EDB7941C0F77CE7A1CF0B4DC026F248C7D47941C0EBCAA73AA30B4DC08C43A736AC7941C064154F0A990B4DC005C59AD0B27941C0CFE93067C50B4DC0B859755EDB7941C0	\N
12	8	Manzano 2	0103000020E61000000100000005000000DB3C0D222F0C4DC0B7DCA373E47941C06B8615551D0C4DC0CEDD8BE4EF7941C0881BE67DEF0B4DC0BF88C13EC77941C0241726BB000C4DC044AEAD6ABA7941C0DB3C0D222F0C4DC0B7DCA373E47941C0	\N
13	8	Manzano 3	0103000020E610000001000000050000006505E780170C4DC03E5E76A5F37941C0E16011EE050C4DC0209547E3FE7941C0965B2471D90B4DC040A7F21FD77941C0D4C0DB80EA0B4DC090FF00FDC97941C06505E780170C4DC03E5E76A5F37941C0	
14	8	Manzano 4	0103000020E61000000100000005000000B216B951010C4DC00539520E037A41C01A663ECEF60B4DC0574FA9380A7A41C0E1B56034CA0B4DC08B147804E17941C0BA202B78D40B4DC0A883F321DA7941C0B216B951010C4DC00539520E037A41C0	\N
16	8	Manzano 5	0103000020E6100000010000000500000072611F350A0C4DC083C0E297AC7941C08908F40C010C4DC0A53A2EE8B27941C061C7A11CD40B4DC0AF9E60D4897941C0F3745BC1DC0B4DC0D4C9F8CF837941C072611F350A0C4DC083C0E297AC7941C0	\N
17	8	Manzano 6	0103000020E61000000100000005000000CB297510FC0B4DC01C85CB20B67941C0F9779BA1EA0B4DC0CC2C4062C27941C01773B2A9BD0B4DC04D994D41997941C0CBC8111CCF0B4DC08E833CC98C7941C0CB297510FC0B4DC01C85CB20B67941C0	\N
18	8	Manzano 7	0103000020E610000001000000050000008976BA60E60B4DC0DFA2CDDDC57941C038365EE9B80B4DC064CCB4689C7941C059979527A70B4DC0DDA4F093A87941C00C8719B1D40B4DC0B3285972D17941C08976BA60E60B4DC0DFA2CDDDC57941C0	\N
19	8	Manzano 12	0103000020E6100000010000000800000047692EA38B0B4DC024D32F179E7941C00274D4F9870B4DC0FB4C2AC1947941C007704086880B4DC06BB03C7D947941C07F777E9D9B0B4DC03C2D0FD8A57941C0ABD152969B0B4DC053BBAFCFA77941C0A5C23C9D980B4DC0C456F7D5A97941C0BB16E668960B4DC0ABF4A365A97941C047692EA38B0B4DC024D32F179E7941C0	Espacio Verde
20	8	Manzano 11	0103000020E6100000010000000700000091DBB1C2870B4DC0CFC0A2886F7941C0A4DB0681B30B4DC0C6C401BA977941C0C63C3EBFA10B4DC03D9D3DE5A37941C050F3A4A0820B4DC012F2ABA8867941C038D49E747C0B4DC0565823AF757941C02EDA59B7850B4DC09340D98C6F7941C091DBB1C2870B4DC0CFC0A2886F7941C0	\N
21	8	Manzano 10	0103000020E610000001000000050000006F0EBC0D9D0B4DC0435EDFFE5E7941C0AF4B2CB98B0B4DC07F7E26316B7941C04B94ED47B80B4DC0D12FCF8E947941C09EBAE318CA0B4DC06B46DD7D887941C06F0EBC0D9D0B4DC0435EDFFE5E7941C0	\N
22	8	Manzano 9	0103000020E61000000100000005000000654FF7ACD70B4DC0D4EA6E487F7941C02D4E9EFECE0B4DC05A15D11D857941C09B0993FEA10B4DC0ACB65B755B7941C0A7282508AA0B4DC000954368567941C0654FF7ACD70B4DC0D4EA6E487F7941C0	\N
23	8	Manzano 13	0103000020E61000000100000005000000B582A9E1A40B4DC0AB2F36B2517941C07A495263940B4DC0A70BE01E437941C06BEDD65B7A0B4DC0B8B8660C5B7941C0E5859F8E860B4DC093B35737667941C0B582A9E1A40B4DC0AB2F36B2517941C0	\N
25	8	Manzano 15	0103000020E6100000010000000500000098AB5924670B4DC094B441FD6C7941C075869893680B4DC07FDC35C36E7941C0E6374A6E750B4DC0FCFAD404937941C01473A7F5590B4DC05AC46541797941C098AB5924670B4DC094B441FD6C7941C0	\N
11	8	manzano 1	0103000020E61000000100000005000000EF9EB53D3D0C4DC0A88B87DAD97941C03FE89011330C4DC0A0E7D3D6E07941C08DB32A69060C4DC05F5F68AFB77941C0611C1D04100C4DC0BE716C51B17941C0EF9EB53D3D0C4DC0A88B87DAD97941C0	\N
26	9	manzano 1	0103000020E6100000010000000900000094FD71F85D054DC06D11CB14947A41C099C53F355C054DC0AEF10802947A41C09351B0F539054DC097671513AE7A41C0C9870CCC39054DC0E8B82380AF7A41C0CF6AE71A57054DC07CDB4564CA7A41C01E688EDE58054DC0938EEA5BCA7A41C0417EC52D7B054DC0864BAE5CB07A41C02934223B7B054DC0F3A727EDAE7A41C094FD71F85D054DC06D11CB14947A41C0	\N
27	9	manzano 2	0103000020E610000001000000090000001F29CB7C3A054DC081B7F778737A41C0992623AE38054DC049059177737A41C0EC45765316054DC0DDB528888D7A41C00677503816054DC019AD03058F7A41C09482789C33054DC05DD488DFA97A41C0DBE3B65135054DC0F35820DAA97A41C02DAFEFAD57054DC086DF95C08F7A41C08A100EC157054DC02EAA845E8E7A41C01F29CB7C3A054DC081B7F778737A41C0	\N
28	10	manzano  2	0103000020E61000000100000007000000621234F88A044DC0E9D7B3EAC47B41C0B4B033F37C044DC05BABBC7ACF7B41C0FB119BFD68044DC0E1CE1EF1BC7B41C03624F53B69044DC0B9225AD0BB7B41C0525014AE75044DC0E4D9C881B27B41C08A7F1D1D77044DC05AC2FF8EB27B41C0621234F88A044DC0E9D7B3EAC47B41C0	\N
29	10	manzano 4	0103000020E610000001000000070000003D0E73FB78044DC015ADD12FD27B41C0660F05EE6A044DC0335B9ECCDC7B41C0DFA12A0657044DC078A87C68CA7B41C096F4EC1A57044DC031EC1544C97B41C00890AFB863044DC03D0A2CE8BF7B41C040A3940965044DC046EB10F1BF7B41C03D0E73FB78044DC015ADD12FD27B41C0	\N
30	10	manzano 1	0103000020E61000000100000009000000CA70B29571044DC0A455696EAD7B41C0BD06BE8E71044DC046EE15C6AE7B41C01372851F65044DC04AB52705B87B41C046AC1F9963044DC06B4EAEF1B77B41C0553FB06149044DC084C497F09F7B41C0E81BC38749044DC0EBBF4BBA9E7B41C0B065883E56044DC0B2F8D059957B41C09BDC897257044DC032B4B759957B41C0CA70B29571044DC0A455696EAD7B41C0	\N
31	10	manzano 3	0103000020E61000000100000009000000D457BB9C5F044DC01EF82D0CBB7B41C078276C815F044DC0E4615636BC7B41C0EAD31AE652044DC0FC541E7BC57B41C0DC09A59251044DC099FDC76DC57B41C0F41BF75E37044DC05919AD5EAD7B41C0FA3BF27C37044DC045F73321AC7B41C0845A7BFD43044DC0F1E73CD0A27B41C05F837E6945044DC00AED5FD1A27B41C0D457BB9C5F044DC01EF82D0CBB7B41C0	\N
\.


--
-- Data for Name: lots; Type: TABLE DATA; Schema: public; Owner: map_db
--

COPY public.lots (id, name, coordinates, status, surface, discount, initial_payment, number_of_installments, monto_financiado, cuota_mensual, price, reserved_until, reserved_by, reserved_for, description, block_id) FROM stdin;
72	6	0103000020E610000001000000060000009E61DF0524094DC05C6922E2578441C0413CE3DF20094DC0D55B42365A8441C07F0D50E720094DC0A814A6515B8441C07AC8960124094DC071F9F6225E8441C0E616B2C727094DC047A682545B8441C09E61DF0524094DC05C6922E2578441C0	available	326.25	\N	\N	6	\N	\N	8000	\N	\N	\N	\N	7
69	3	0103000020E610000001000000050000006295F07D2A094DC07783F807538441C02BCAF75828094DC0D358A7A2548441C07E9C8BC52F094DC0C0C062755B8441C0E17932E531094DC07C4159DA598441C06295F07D2A094DC07783F807538441C0	available	378.00	\N	\N	6	\N	\N	8000	\N	\N	\N	\N	7
65	13	0103000020E61000000100000005000000FDF8916748094DC08EE7B5BC488441C0A3FA3CC544094DC0C981489A4B8441C0B1790D8248094DC094E27E0A4F8441C0C50B712F4C094DC0304CE4354C8441C0FDF8916748094DC08EE7B5BC488441C0	available	330.75	\N	\N	6	\N	\N	9000	\N	\N	\N	\N	6
47	11	0103000020E610000001000000050000009BA8FA720A094DC083FC43A7588441C094FE4C4E08094DC06CB512545A8441C03BE88FB90F094DC08B76A627618441C072C495DD11094DC0182C83915F8441C09BA8FA720A094DC083FC43A7588441C0	available	378.00	\N	\N	6	\N	\N	8000	\N	\N	\N	\N	5
43	7	0103000020E610000001000000050000008056165F02094DC009F0538E588441C0E590A21E06094DC072A6A5015C8441C065464C6102094DC09E80ABD75E8441C04A76F9B8FE084DC0DEC274625B8441C08056165F02094DC009F0538E588441C0	available	330.75	\N	\N	6	\N	\N	8000	\N	\N		\N	5
4	1	0103000020E61000000100000006000000845B7E1132094DC0C4BE721F348441C06FCB2F142F094DC016C51E3D318441C01E62D8A62D094DC0C3921E08318441C0CBB983862A094DC05046417A338441C0B2A7905F2E094DC0EAE00A0E378441C0845B7E1132094DC0C4BE721F348441C0	available	326.25	\N	\N	6	\N	\N	9000	\N	\N	\N	\N	3
40	4	0103000020E61000000100000005000000E8FFDCE902094DC0239F6BDE518441C0DB56E7C300094DC0967D8B7F538441C007A2FA4E08094DC09541E2535A8441C0F95D1D730A094DC053D53CA7588441C0E8FFDCE902094DC0239F6BDE518441C0	available	378.00	\N	\N	6	\N	\N	7000	\N	\N	\N	\N	5
3	2	0103000020E61000000100000005000000F9F3412D32094DC0D9108D883A8441C04761E31030094DC0FAC7833B3C8441C0C017985828094DC0C422771B358441C07EB1CF872A094DC0F39C8179338441C0F9F3412D32094DC0D9108D883A8441C0	available	378.00	\N	\N	6	\N	\N	7000	\N	\N	\N	\N	3
36	16	0103000020E61000000100000005000000C34A632825094DC0CB4FF846448441C05D7E5A8021094DC0408A75E7408441C094F545C41D094DC079C44CC4438441C0CB621D8A21094DC0922D7223478441C0C34A632825094DC0CB4FF846448441C0	available	330.75	\N	\N	6	\N	\N	8000	\N	\N	\N	\N	4
33	13	0103000020E61000000100000005000000CBFA658821094DC08D3AD623478441C055B540FC28094DC032CEA71B4E8441C007B279DA26094DC06F940CC24F8441C00FF5A24E1F094DC03C28E2E5488441C0CBFA658821094DC08D3AD623478441C0	available	378.00	\N	\N	6	\N	\N	8000	\N	\N	\N	\N	4
35	15	0103000020E61000000100000005000000FC5ABA2825094DC0CA62B345448441C0FF2996F728094DC0216949CA478441C0E881B94125094DC0CA87E79E4A8441C0A000BE8821094DC04AB06E24478441C0FC5ABA2825094DC0CA62B345448441C0	available	330.75	\N	\N	6	\N	\N	8000	\N	\N	\N	\N	4
37	1	0103000020E6100000010000000600000087B845B80B094DC0EA16605F4C8441C08A8944580A094DC0054754294C8441C0FE56214007094DC02ADB029B4E8441C0E3028DF60A094DC04CD2DC02528441C0ABF62EBD0E094DC00A926F2C4F8441C087B845B80B094DC0EA16605F4C8441C0	available	326.25	\N	\N	6	\N	\N	8000	\N	\N	\N	\N	5
73	7	0103000020E61000000100000005000000849665C727094DC043D1AE545B8441C07B9D780124094DC02FE4EE225E8441C0AE306FB527094DC09934598D618441C0067DD17C2B094DC0677530BC5E8441C0849665C727094DC043D1AE545B8441C0	available	330.75	\N	\N	6	\N	\N	8000	\N	\N	\N	\N	7
39	3	0103000020E61000000100000005000000DEFBA52E05094DC081AA4223508441C0D470C4E902094DC080186DDE518441C011C20D730A094DC070F62CA7588441C073D4F69A0C094DC035CA0108578441C0DEFBA52E05094DC081AA4223508441C0	available	378.00	\N	\N	6	\N	\N	7000	\N	\N	\N	\N	5
48	12	0103000020E610000001000000050000009CBD0F9A0C094DC01F342207578441C0B5AC05730A094DC03F214BA7588441C0BD2BEBDB11094DC0AC338A8E5F8441C095EA4F0814094DC018E4B5E55D8441C09CBD0F9A0C094DC01F342207578441C0	available	378.00	\N	\N	6	\N	\N	8000	\N	\N	\N	\N	5
66	14	0103000020E61000000100000005000000EE2314BF44094DC0555CF957458441C07600EE0141094DC0AA8BD632488441C0A4FA3CC544094DC0C981489A4B8441C0FEF8916748094DC08DE7B5BC488441C0EE2314BF44094DC0555CF957458441C0	available	330.75	\N	\N	6	\N	\N	9000	\N	\N	\N	\N	6
50	14	0103000020E61000000100000006000000BF02A32916094DC0B125EA04568441C06B4E9F7712094DC0DF5D37D5588441C02B314D3716094DC0B6F6EE475C8441C02643706719094DC0C3FE13E6598441C011FDC84119094DC0E41158DB588441C0BF02A32916094DC0B125EA04568441C0	available	326.25	\N	\N	6	\N	\N	8000	\N	\N	\N	\N	5
38	2	0103000020E61000000100000005000000DD916D4007094DC03CD8D69A4E8441C0EB24442C05094DC0D3C1A224508441C0F2BEE09A0C094DC00F8ADB07578441C0C9A0E5C30E094DC0731F3C6D558441C0DD916D4007094DC03CD8D69A4E8441C0	available	378.00	\N	\N	6	\N	\N	7000	\N	\N	\N	\N	5
49	13	0103000020E61000000100000005000000499DE5C30E094DC0590E3C6D558441C0DE3FC69B0C094DC0FD085707578441C0EE3EBB0714094DC0C4B80CE55D8441C0E106593716094DC05922B4485C8441C0499DE5C30E094DC0590E3C6D558441C0	available	378.00	\N	\N	6	\N	\N	8000	\N	\N	\N	\N	5
51	15	0103000020E6100000010000000500000040D2B57D12094DC08626E99B528441C0B491E5C30E094DC0691B3C6D558441C026CE597712094DC061BE85D5588441C0A572992916094DC01FABEF04568441C040D2B57D12094DC08626E99B528441C0	available	330.75	\N	\N	6	\N	\N	8000	\N	\N	\N	\N	5
67	1	0103000020E61000000100000006000000E2CFF5FC30094DC0756CB7234F8441C056E9B6CB2F094DC0406362FE4E8441C03A3BAFA42C094DC0FB60BB67518441C0E8CA5A5A30094DC0C9BF02CB548441C087D5640E34094DC05AC173F6518441C0E2CFF5FC30094DC0756CB7234F8441C0	available	326.25	\N	\N	6	\N	\N	8000	\N	\N	\N	\N	7
64	12	0103000020E61000000100000006000000A2F65F2F4C094DC0F044D2354C8441C0801E068248094DC04DDF780A4F8441C0A199963C4C094DC0E74A6778528441C0D711DF724F094DC09C6BB312508441C0DE7C5E544F094DC00E098C014F8441C0A2F65F2F4C094DC0F044D2354C8441C0	available	326.25	\N	\N	6	\N	\N	9000	\N	\N	\N	\N	6
41	5	0103000020E610000001000000050000006C2F4B4E08094DC09EF412545A8441C0375EA01E06094DC06D18AA015C8441C01E2CB19AFE084DC06D271517558441C0D756E7C300094DC0947D8B7F538441C06C2F4B4E08094DC09EF412545A8441C0	available	378.00	\N	\N	6	\N	\N	7000	\N	\N	\N	\N	5
46	10	0103000020E61000000100000005000000CC2F4B4E08094DC031F512545A8441C0B8723F1F06094DC0F54D97015C8441C0F814A5900D094DC0B5A2FFCE628441C03BDA87B90F094DC0FB85C427618441C0CC2F4B4E08094DC031F512545A8441C0	available	378.00	\N	\N	6	\N	\N	8000	\N	\N	\N	\N	5
68	2	0103000020E610000001000000050000000B66CDA42C094DC05676C367518441C0AD1AEF7D2A094DC004DEDF07538441C0119FFEE431094DC0BCF183DA598441C01AB9CF1534094DC0A3619E32588441C00B66CDA42C094DC05676C367518441C0	available	378.00	\N	\N	6	\N	\N	8000	\N	\N	\N	\N	7
70	4	0103000020E6100000010000000500000067CB295A28094DC0CDACF6A1548441C099B5F62D26094DC0EE4B4C46568441C089E3CBA12D094DC073E6B2155D8441C0FB1A95C52F094DC0D6CF6C755B8441C067CB295A28094DC0CDACF6A1548441C0	available	378.00	\N	\N	6	\N	\N	8000	\N	\N	\N	\N	7
110	14	0103000020E61000000100000006000000735A94DD37094DC01D63E9AA5B8441C0F4B75B883B094DC0AA91A2DE588441C0C83BB3A53E094DC035E2DDC45B8441C0769F19B93E094DC005963FAB5C8441C08B1FDA943B094DC0F16795145F8441C0735A94DD37094DC01D63E9AA5B8441C0	available	326.25	\N	\N	6	\N	\N	9000	\N	\N	\N	\N	7
42	6	0103000020E61000000100000006000000C419359BFE084DC03D93AF16558441C00FD2066002094DC0EF5F948E588441C00969FCB8FE084DC009E1A5625B8441C0B18BE298FB084DC09D82A988588441C0C90DEA7FFB084DC03D8A196E578441C0C419359BFE084DC03D93AF16558441C0	sold	326.25	\N	\N	6	\N	\N	8000	\N	2	primo	\N	5
71	5	0103000020E610000001000000050000003F0B332E26094DC095765C46568441C0364CD00524094DC0B05E1EE2578441C08002D77C2B094DC072053ABC5E8441C0A48EF0A12D094DC08FF09A155D8441C03F0B332E26094DC095765C46568441C0	available	378.00	\N	\N	6	\N	\N	8000	\N	\N	\N	\N	7
76	10	0103000020E61000000100000005000000752AC6A12D094DC008DAA9155D8441C018E8CF7C2B094DC00B952EBC5E8441C02E80500233094DC019E712A3658441C047E2A72435094DC0D19E59F9638441C0752AC6A12D094DC008DAA9155D8441C0	available	378.00	\N	\N	6	\N	\N	9000	\N	\N	\N	\N	7
77	11	0103000020E610000001000000050000001E1786C52F094DC0B73059755B8441C02BB5CDA12D094DC05DDFAB155D8441C08FBBA22435094DC0183856F9638441C0516AE64537094DC0302F5D55628441C01E1786C52F094DC0B73059755B8441C0	available	378.00	\N	\N	6	\N	\N	9000	\N	\N	\N	\N	7
74	8	0103000020E610000001000000050000002B08E37C2B094DC04B8A23BC5E8441C002806EB527094DC09902588D618441C05DCDA78C2B094DC01C35F001658441C00B9AFC452F094DC0FE025D35628441C02B08E37C2B094DC04B8A23BC5E8441C0	available	330.75	\N	\N	6	\N	\N	8000	\N	\N	\N	\N	7
111	15	0103000020E61000000100000005000000FD83A5C737094DC08A9A7B58558441C083B99E1534094DC0B3F43D32588441C056E073DD37094DC0511708AB5B8441C090C65A883B094DC0FB50A2DE588441C0FD83A5C737094DC08A9A7B58558441C0	available	330.75	\N	\N	6	\N	\N	8000	\N	\N	\N	\N	7
112	16	0103000020E61000000100000005000000129AA5C737094DC0C9C07B58558441C079ED600E34094DC0373C6FF6518441C04F01AA5A30094DC077ADC4CA548441C05034A71534094DC0A5CF7832588441C0129AA5C737094DC0C9C07B58558441C0	available	330.75	\N	\N	6	\N	\N	8000	\N	\N	\N	\N	7
113	1	0103000020E61000000100000006000000AF1871241E094DC0A50CE85F5D8441C0EE3BE3F91C094DC0E604E23D5D8441C0C49DB3CE19094DC0FAFBF39D5F8441C00A6D7B961D094DC01F9E6016638441C0B77D824721094DC022CEE532608441C0AF1871241E094DC0A50CE85F5D8441C0	available	326.25	\N	\N	6	\N	\N	8000	\N	\N	\N	\N	8
75	9	0103000020E610000001000000060000002C75DA452F094DC086B97035628441C05DCDA78C2B094DC01C35F001658441C0226066A52E094DC0501295E4678441C0F545ADD92F094DC0FE0B9AFE678441C02D80500233094DC01AE712A3658441C02C75DA452F094DC086B97035628441C0	available	330.75	\N	\N	6	\N	\N	9000	\N	\N	\N	\N	7
22	2	0103000020E610000001000000050000008471308A21094DC0D52C6723478441C0CBE7A54E1F094DC0664613E6488441C0D59111D617094DC06B58AFE3418441C06B9873E719094DC062554245408441C08471308A21094DC0D52C6723478441C0	available	378.00	\N	\N	6	\N	\N	7000	\N	\N	\N	\N	4
18	12	0103000020E610000001000000060000000969EFBE39094DC04A530D273B8441C0BCD1B6DF3C094DC0F4B4EB033E8441C0DC7D54F73C094DC06D4C671E3F8441C00FA9A3D739094DC0D443D87D418441C0C4CD82F935094DC016A692FB3D8441C00969EFBE39094DC04A530D273B8441C0	available	326.25	\N	\N	6	\N	\N	9000	\N	\N	\N	\N	3
11	8	0103000020E61000000100000006000000EDB61B772F094DC0BC6D71DD428441C01F83943D33094DC0C7B0F167468441C00B9E001630094DC0B58EABCC488441C0B0AFFE9D2E094DC00322F589488441C0941A61B12B094DC0B0471BBD458441C0EDB61B772F094DC0BC6D71DD428441C0	available	330.75	\N	\N	6	\N	\N	8000	\N	\N	\N	\N	3
8	5	0103000020E61000000100000006000000F121050624094DC046289A65388441C0D521FCDA20094DC09ABAF1B03A8441C09206ABFC20094DC0D28282E13B8441C0FC55BCF423094DC092B5F7AA3E8441C020D6E7D927094DC0B9E74FE03B8441C0F121050624094DC046289A65388441C0	available	326.25	\N	\N	6	\N	\N	8000	\N	\N	\N	\N	3
23	3	0103000020E61000000100000005000000447D42D717094DC0C84CFFE2418441C05963ABA315094DC04A1D418A438441C0E638BA2D1D094DC03FF93A7C4A8441C0F30CDB4E1F094DC0EF4B01E6488441C0447D42D717094DC0C84CFFE2418441C0	available	378.00	\N	\N	6	\N	\N	7000	\N	\N	\N	\N	4
6	3	0103000020E61000000100000005000000FF02D65B28094DC05DFB9719358441C07CC5F04226094DC06A92C1B2368441C0778023D32D094DC0278EDBDD3D8441C00826DD1030094DC0FE60873B3C8441C0FF02D65B28094DC05DFB9719358441C0	available	378.00	\N	\N	6	\N	\N	7000	\N	\N	\N	\N	3
32	12	0103000020E61000000100000005000000B3B047DB26094DC00CA695C14F8441C0F2A663B124094DC0DE5BA45D518441C0A70F962D1D094DC0DB84157C4A8441C06331054F1F094DC0C142DCE5488441C0B3B047DB26094DC00CA695C14F8441C0	available	378.00	\N	\N	6	\N	\N	8000	\N	\N	\N	\N	4
12	9	0103000020E61000000100000005000000CBF89ED42D094DC0D3B0B1DC3D8441C0B22A147E35094DC0BB428CBA448441C0EE7A693833094DC0F433006C468441C0B67D2EB52B094DC0AC5EE3653F8441C0CBF89ED42D094DC0D3B0B1DC3D8441C0	available	378.00	\N	\N	6	\N	\N	8000	\N	\N	\N	\N	3
10	7	0103000020E6100000010000000500000047BCE3732F094DC033274DDF428441C0129219B52B094DC0F7A5D2653F8441C0A38FAAE327094DC0BC460C3B428441C0D863E9AD2B094DC0D029D1BA458441C047BCE3732F094DC033274DDF428441C0	available	330.75	\N	\N	6	\N	\N	8000	\N	\N	\N	\N	3
24	4	0103000020E610000001000000050000006C607FA315094DC06AE2F489438441C06502992D1D094DC005A3467C4A8441C00E841B021B094DC0734911244C8441C04910C28413094DC04733D239458441C06C607FA315094DC06AE2F489438441C0	available	378.00	\N	\N	6	\N	\N	7000	\N	\N	\N	\N	4
13	10	0103000020E61000000100000005000000CAEAD61030094DC001FA8A3B3C8441C0F3FD2CA437094DC0A13D621C438441C0FC97057F35094DC09F2112BB448441C003AB99D32D094DC0FE5497DD3D8441C0CAEAD61030094DC001FA8A3B3C8441C0	available	378.00	\N	\N	6	\N	\N	8000	\N	\N	\N	\N	3
17	11	0103000020E610000001000000050000004DFA3F2D32094DC00B7094883A8441C0A0C4E8D739094DC0F1BCDC7D418441C0F8EC3CA437094DC07CB36B1D438441C0D82FC51030094DC08CD4A53B3C8441C04DFA3F2D32094DC00B7094883A8441C0	available	378.00	\N	\N	6	\N	\N	8000	\N	\N	\N	\N	3
28	8	0103000020E61000000100000005000000C99B80DC18094DC0427942BF4D8441C07C5562941C094DC055951E36518441C03365F2DA18094DC00AE16BF8538441C04ACD9D1415094DC0A6364E8B508441C0C99B80DC18094DC0427942BF4D8441C0	available	330.75	\N	\N	6	\N	\N	8000	\N	\N	\N	\N	4
56	4	0103000020E61000000100000005000000C7C347F238094DC0FBC2230A488441C02C6114CF36094DC0675549A7498441C06632E1403E094DC04BD9C782508441C0D9648A6E40094DC02528ADD64E8441C0C7C347F238094DC0FBC2230A488441C0	available	378.00	\N	\N	6	\N	\N	8000	\N	\N	\N	\N	6
57	5	0103000020E61000000100000006000000845610CF36094DC0D06A58A7498441C0EB662BA133094DC0A9F673154C8441C041732DBB33094DC0D811571F4D8441C0BF54E2D536094DC0A2D226E54F8441C0E85B098C3A094DC06777FF184D8441C0845610CF36094DC0D06A58A7498441C0	available	326.25	\N	\N	6	\N	\N	9000	\N	\N	\N	\N	6
7	4	0103000020E610000001000000050000007CC5F04226094DC06A92C1B2368441C0D6338E0524094DC0BB29CC64388441C0CF1223B52B094DC0B25FF8653F8441C02CE4DDD32D094DC08A7F0DDE3D8441C07CC5F04226094DC06A92C1B2368441C0	available	378.00	\N	\N	6	\N	\N	7000	\N	\N	\N	\N	3
9	6	0103000020E610000001000000050000009F3EFED827094DC08BC272E23B8441C08D6BDCE723094DC06B9B66B23E8441C0E516EAE327094DC0663DEF3A428441C0A32B08B52B094DC07D84E0653F8441C09F3EFED827094DC08BC272E23B8441C0	available	330.75	\N	\N	6	\N	\N	8000	\N	\N	\N	\N	3
21	1	0103000020E61000000100000006000000869C8B8021094DC0839772E7408441C0550D8A4D1E094DC053458C063E8441C031E1072B1D094DC06447FEE23D8441C06B9873E719094DC062554245408441C09ECB2DC41D094DC0C9F2A6C4438441C0869C8B8021094DC0839772E7408441C0	available	326.25	\N	\N	6	\N	\N	8000	\N	\N	\N	\N	4
44	8	0103000020E61000000100000005000000D6E0A11E06094DC08875A4015C8441C0BF2919E909094DC0C937D2775F8441C0FEA01A3B06094DC09936D53D628441C0F144366102094DC02D6385D75E8441C0D6E0A11E06094DC08875A4015C8441C0	available	330.75	\N	\N	6	\N	\N	8000	\N	\N	\N	\N	5
52	16	0103000020E61000000100000005000000D09B3CBC0E094DC06090BC2B4F8441C0A900EFFB0A094DC07BA583FD518441C03B0194C30E094DC050F66D6C558441C0C0FFBB7D12094DC04BE5E89B528441C0D09B3CBC0E094DC06090BC2B4F8441C0	available	330.75	\N	\N	6	\N	\N	8000	\N	\N	\N	\N	5
25	5	0103000020E61000000100000005000000AF49F88413094DC0EF128039458441C00F6FE56611094DC0ADAD13DC468441C0A7A157DC18094DC083EE60BF4D8441C077AA75021B094DC0CE22D6244C8441C0AF49F88413094DC0EF128039458441C0	available	378.00	\N	\N	6	\N	\N	7000	\N	\N	\N	\N	4
53	1	0103000020E610000001000000060000008A85F69D41094DC0DD395380428441C0F5E92C6540094DC0CEDBF858428441C0EEE8893D3D094DC0838E3DCA448441C0A900A7FF40094DC01F519434488441C043A12BBF44094DC0AF394C58458441C08A85F69D41094DC0DD395380428441C0	available	326.25	\N	\N	6	\N	\N	9000	\N	\N	\N	\N	6
45	9	0103000020E61000000100000006000000AE0057EA09094DC063B7E6775F8441C081FBDF3E06094DC005E1D73E628441C070029F4009094DC076F9C102658441C000B9227A0A094DC0972C0734658441C0E017D1900D094DC08FDD4BCF628441C0AE0057EA09094DC063B7E6775F8441C0	reserved	330.75	\N	\N	6	\N	\N	8000	\N	2	juan	\N	5
29	9	0103000020E6100000010000000600000010A03EDB18094DC01FDE3FF8538441C075F9B1001C094DC0C2FF86D0568441C0290C903E1D094DC078EB7502578441C0C763CA4720094DC0C3AFB7A7548441C03BC5CF931C094DC07CD7D836518441C010A03EDB18094DC01FDE3FF8538441C0	available	330.75	\N	\N	6	\N	\N	8000	\N	\N	\N	\N	4
26	6	0103000020E61000000100000006000000409EF16C11094DC0BF642CDA468441C07F8B39430E094DC0E5FCB62C498441C0FC407D530E094DC0B67AF3454A8441C00849576B11094DC09A2756124D8441C08649572A15094DC0C85B75554A8441C0409EF16C11094DC0BF642CDA468441C0	available	326.25	\N	\N	6	\N	\N	8000	\N	\N	\N	\N	4
27	7	0103000020E61000000100000005000000F1E5532A15094DC0D17D7A554A8441C035D1B66911094DC02406BE124D8441C0403C5C1615094DC09DD2D393508441C09CA1D8DC18094DC0FBEEDABF4D8441C0F1E5532A15094DC0D17D7A554A8441C0	available	330.75	\N	\N	6	\N	\N	8000	\N	\N	\N	\N	4
30	10	0103000020E61000000100000005000000A69657DC18094DC075DB60BF4D8441C0E4ED364920094DC0A4449FAB548441C066F7158722094DC09BF6FA04538441C0E55EE6011B094DC0ED4323244C8441C0A69657DC18094DC075DB60BF4D8441C0	available	378.00	\N	\N	6	\N	\N	8000	\N	\N	\N	\N	4
31	11	0103000020E61000000100000005000000AAE4F98622094DC06C87CD05538441C0F793A8B224094DC0266CFB5D518441C0C4FE612D1D094DC06F59E77B4A8441C0B84EBD011B094DC03A2708244C8441C0AAE4F98622094DC06C87CD05538441C0	available	378.00	\N	\N	6	\N	\N	8000	\N	\N	\N	\N	4
60	8	0103000020E610000001000000060000005452300A42094DC0E26BDBF7538441C0323202563E094DC020BFFFCB568441C01DCA094D41094DC0F30EC19A598441C0BA2959AD42094DC09A7D21BA598441C0E8A7EDCA45094DC024433261578441C05452300A42094DC0E26BDBF7538441C0	available	330.75	\N	\N	6	\N	\N	9000	\N	\N	\N	\N	6
54	2	0103000020E61000000100000005000000F113B63D3D094DC0D00E8ACA448441C0D82A071E3B094DC001BF0C67468441C0457BE69842094DC0BAFDAD394D8441C0E1203DC544094DC0B36B489A4B8441C0F113B63D3D094DC0D00E8ACA448441C0	available	378.00	\N	\N	6	\N	\N	8000	\N	\N	\N	\N	6
55	3	0103000020E61000000100000005000000AD240D183B094DC01A1B806A468441C0546FBCF638094DC0BB022708488441C02E6A8C6E40094DC0709DA5D64E8441C0C8CF5F9842094DC0713D49394D8441C0AD240D183B094DC01A1B806A468441C0	available	378.00	\N	\N	6	\N	\N	8000	\N	\N	\N	\N	6
58	6	0103000020E61000000100000005000000911BD58B3A094DC0EB21D1184D8441C0AF8CDDD536094DC0529529E54F8441C09C7DBA913A094DC0A263B655538441C05254D5403E094DC04193BB82508441C0911BD58B3A094DC0EB21D1184D8441C0	available	330.75	\N	\N	6	\N	\N	9000	\N	\N	\N	\N	6
59	7	0103000020E61000000100000005000000FCFBD4403E094DC040FABA82508441C03168AB913A094DC0F858B255538441C0E81CFA553E094DC0FEE91DCC568441C0245D3B0A42094DC0048CEEF7538441C0FCFBD4403E094DC040FABA82508441C0	available	330.75	\N	\N	6	\N	\N	9000	\N	\N	\N	\N	6
19	13	0103000020E61000000100000005000000008F65BC39094DC0B8325F263B8441C0BD4F36E835094DC0E413479C378441C0554DFE2E32094DC06D192D8A3A8441C0FA7463F935094DC089A4E1FB3D8441C0008F65BC39094DC0B8325F263B8441C0	available	330.75	\N	\N	6	\N	\N	9000	\N	\N	\N	\N	3
98	18	0103000020E61000000100000005000000FD3002CE170C4DC0490AEBC1CF7941C091F97333130C4DC0E2D870B0CB7941C00D5160940A0C4DC06C20959AD17941C07F39CBE00E0C4DC0034EA6DED57941C0FD3002CE170C4DC0490AEBC1CF7941C0	available	300.00	\N	\N	6	\N	\N	10000	\N	\N	\N	\N	12
99	7	0103000020E6100000010000000500000069F572E30E0C4DC0151A67E0D57941C05FE65E61060C4DC01742B4A1DB7941C0632DCEF2010C4DC05084BC8CD77941C075DF33940A0C4DC047FE3A9BD17941C069F572E30E0C4DC0151A67E0D57941C0	available	300.00	\N	\N	6	\N	\N	10000	\N	\N	\N	\N	12
20	14	0103000020E610000001000000050000006F529AE635094DC09FF0349D378441C0B226751132094DC083076B1F348441C0C4D22E642E094DC0F6248F0A378441C0554DFE2E32094DC06D192D8A3A8441C06F529AE635094DC09FF0349D378441C0	available	330.75	\N	\N	6	\N	\N	9000	\N	\N	\N	\N	3
34	14	0103000020E61000000100000006000000BB084FF728094DC0F0CB97CC478441C0BCEEFA4025094DC0148F559F4A8441C0DBFD2FF928094DC0153922194E8441C05164D6412C094DC0A49709B34B8441C04F8F601A2C094DC0D276FEA54A8441C0BB084FF728094DC0F0CB97CC478441C0	available	326.25	\N	\N	6	\N	\N	8000	\N	\N	\N	\N	4
100	19	0103000020E61000000100000005000000E837EB33130C4DC00BB159AFCB7941C09ABB7BC00E0C4DC061CD0C90C77941C012C6BD1A060C4DC0D6488483CD7941C06C8415940A0C4DC0666A069BD17941C0E837EB33130C4DC00BB159AFCB7941C0	available	300.00	\N	\N	6	\N	\N	10000	\N	\N	\N	\N	12
61	9	0103000020E61000000100000005000000D9648A6E40094DC02528ADD64E8441C0FBC9D3403E094DC0ECAABB82508441C0CBBC6ACA45094DC04ED9B061578441C05E5CC8EC47094DC0B2ABA5BF558441C0D9648A6E40094DC02528ADD64E8441C0	available	378.00	\N	\N	6	\N	\N	9000	\N	\N	\N	\N	6
62	10	0103000020E61000000100000005000000F03AB29842094DC03FA87F394D8441C01F127E6E40094DC080E5ADD64E8441C0A0AF0BEC47094DC088E98FBF558441C0C0D0470E4A094DC0B116C721548441C0F03AB29842094DC03FA87F394D8441C0	available	378.00	\N	\N	6	\N	\N	9000	\N	\N	\N	\N	6
63	11	0103000020E610000001000000050000001BF53CC544094DC03678489A4B8441C0AEDB2D9942094DC07348D1394D8441C0333B620E4A094DC091D5EB20548441C04DA7A93C4C094DC033DB9878528441C01BF53CC544094DC03678489A4B8441C0	available	378.00	\N	\N	6	\N	\N	9000	\N	\N	\N	\N	6
101	6	0103000020E610000001000000050000006F72D4930A0C4DC00C54CA96D17941C069ED6E18060C4DC010C17780CD7941C05DDC0965FD0B4DC08CD30D73D37941C011B269E9010C4DC0406F5691D77941C06F72D4930A0C4DC00C54CA96D17941C0	available	300.00	\N	\N	6	\N	\N	10000	\N	\N	\N	\N	12
102	20	0103000020E61000000100000005000000827170CA0E0C4DC0649D1093C77941C072340F500A0C4DC0CE63AE8DC37941C046A652A0010C4DC0257D3F68C97941C07D49CF19060C4DC08198B285CD7941C0827170CA0E0C4DC0649D1093C77941C0	available	300.00	\N	\N	6	\N	\N	10000	\N	\N	\N	\N	12
78	12	0103000020E610000001000000050000009FCC13E531094DC04B1580DA598441C0497873C52F094DC0C15862755B8441C03F4AE74537094DC0D0756155628441C0C58ECF6C39094DC0F4EE02B8608441C09FCC13E531094DC04B1580DA598441C0	available	378.00	\N	\N	6	\N	\N	9000	\N	\N	\N	\N	7
79	13	0103000020E6100000010000000500000077C6C31534094DC0DE246132588441C04C1737E531094DC0E6B438DA598441C0DD38856C39094DC05059AEB7608441C0874BBB953B094DC0346812155F8441C077C6C31534094DC0DE246132588441C0	available	378.00	\N	\N	6	\N	\N	9000	\N	\N	\N	\N	7
80	10	0103000020E610000001000000050000005E34F4313D0C4DC09260EFDCD97941C05E8F4D3C380C4DC0FF32F04EDD7941C0566100452F0C4DC053E0D219D57941C0DE725A16340C4DC07B2966CFD17941C05E34F4313D0C4DC09260EFDCD97941C0	available	340.00	\N	\N	6	\N	\N	15000	\N	\N	\N	\N	11
81	9	0103000020E610000001000000060000004D7289492F0C4DC0ACFB091BD57941C055A960532A0C4DC069A19284D87941C0E11B7415320C4DC0FDF37FAFDF7941C03017B030340C4DC05CBFEEFBDF7941C046452E3B380C4DC0EC71F14DDD7941C04D7289492F0C4DC0ACFB091BD57941C0	available	340.00	\N	\N	6	\N	\N	17000	\N	\N	\N	\N	11
82	8	0103000020E610000001000000050000004DD96814340C4DC0ABD4E0CED17941C0503D43542A0C4DC0C83A2885D87941C06F691FDC250C4DC081CE8673D47941C0CCE6B6872F0C4DC0A50B48C5CD7941C04DD96814340C4DC0ABD4E0CED17941C0	available	338.80	\N	\N	6	\N	\N	11000	\N	\N	\N	\N	11
83	7	0103000020E6100000010000000500000026E5FE922F0C4DC03FE70DC2CD7941C06B12440F2B0C4DC028EDD4CAC97941C04EACDB5F210C4DC0CE907160D07941C032930CDF250C4DC08E9F567DD47941C026E5FE922F0C4DC03FE70DC2CD7941C0	available	336.29	\N	\N	6	\N	\N	11000	\N	\N	\N	\N	11
84	6	0103000020E610000001000000050000007B739F0D2B0C4DC0A2C5C7CBC97941C03D76328A260C4DC0E2C823AFC57941C0EE6D8DD91C0C4DC007DA3937CC7941C06D621860210C4DC092B8DA60D07941C07B739F0D2B0C4DC0A2C5C7CBC97941C0	available	333.78	\N	\N	6	\N	\N	11000	\N	\N	\N	\N	11
85	5	0103000020E610000001000000050000004F4E6D88260C4DC03196F8ADC57941C01A1807F6210C4DC0BCD9EDA4C17941C021ABA35E180C4DC04000333EC87941C091C87DDC1C0C4DC0CBE49F36CC7941C04F4E6D88260C4DC03196F8ADC57941C0	available	331.25	\N	\N	6	\N	\N	1100	\N	\N	\N	\N	11
92	15	0103000020E61000000100000005000000F4A500FC240C4DC0D870C70FDC7941C0B29C2D87200C4DC0FF7BA9F5D77941C0771A27F5170C4DC0DCD1BEDDDD7941C0D20933671C0C4DC057A43A02E27941C0F4A500FC240C4DC0D870C70FDC7941C0	available	300.00	\N	\N	6	\N	\N	11000	\N	\N	\N	\N	12
93	10	0103000020E61000000100000005000000900060F2170C4DC07EAF1CE8DD7941C01C7B994A0F0C4DC02778B3B9E37941C0776AA5BC130C4DC0A14A2FDEE77941C017469C5F1C0C4DC0CEAC15F5E17941C0900060F2170C4DC07EAF1CE8DD7941C0	available	300.00	\N	\N	6	\N	\N	11000	\N	\N	\N	\N	12
95	9	0103000020E61000000100000005000000307787EF170C4DC0AAD22EE3DD7941C018A30776130C4DC0917D25D0D97941C02F30D7BE0A0C4DC0491429BCDF7941C0AF7E24490F0C4DC083AC96AFE37941C0307787EF170C4DC0AAD22EE3DD7941C0	available	300.00	\N	\N	6	\N	\N	11000	\N	\N	\N	\N	12
96	17	0103000020E61000000100000005000000766372201C0C4DC05B6299D5D37941C0DD6E4BD1170C4DC05B5905C0CF7941C0E52742E30E0C4DC051093ADDD57941C042D85A71130C4DC04F1D3AD7D97941C0766372201C0C4DC05B6299D5D37941C0	available	300.00	\N	\N	6	\N	\N	11000	\N	\N	\N	\N	12
97	8	0103000020E6100000010000000500000065768F6D130C4DC08BA1A7D0D97941C0D4D827E50E0C4DC0334783E0D57941C0160EC861060C4DC0F48B77A1DB7941C075F7F8C40A0C4DC02D4031BFDF7941C065768F6D130C4DC08BA1A7D0D97941C0	available	300.00	\N	\N	6	\N	\N	11000	\N	\N	\N	\N	12
103	5	0103000020E610000001000000050000006DE8731B060C4DC00EC0BF84CD7941C02484F8A0010C4DC0CBEE6B68C97941C074721DFAF80B4DC07920CE5CCF7941C02E5F9165FD0B4DC057B10573D37941C06DE8731B060C4DC00EC0BF84CD7941C0	available	300.00	\N	\N	6	\N	\N	11000	\N	\N	\N	\N	12
104	2	0103000020E610000001000000050000009C35B2FD050C4DC0D95B5275C67941C01F9C8321FD0B4DC0377F074DBE7941C083E838CAF80B4DC00BF31352C17941C01729DAA0010C4DC0F25A3768C97941C09C35B2FD050C4DC0D95B5275C67941C0	available	300.00	\N	\N	6	\N	\N	11000	\N	\N	\N	\N	12
94	16	0103000020E61000000100000005000000F98A7F1F1C0C4DC06CC3F4D3D37941C0C5FF6770130C4DC05F7E95D5D97941C03BD8E2ED170C4DC022AB21E4DD7941C094ECB78A200C4DC06BE1FFF7D77941C0F98A7F1F1C0C4DC06CC3F4D3D37941C0	available	300.00	\N	\N	6	\N	\N	11000	\N	\N	\N	\N	12
107	12	0103000020E6100000010000000500000025C44B44250C4DC0B6428424EA7941C0C3ECD3641C0C4DC006171FFEE17941C0DAE0FB00180C4DC07C3F39F1E47941C03270C4D6200C4DC020A0A91CED7941C025C44B44250C4DC0B6428424EA7941C0	available	300.00	\N	\N	6	\N	\N	15000	\N	12	\N	\N	12
114	2	0103000020E610000001000000050000007280B5CE19094DC04E7DF49D5F8441C04AD142B517094DC051AAF641618441C0FA8C891E1F094DC0D9A96B1B688441C071E8994821094DC05EE6A679668441C07280B5CE19094DC04E7DF49D5F8441C0	available	378.00	\N	\N	6	\N	\N	7000	\N	\N	\N	\N	8
127	15	0103000020E6100000010000000500000088CEECBD28094DC0DF21940E678441C098AC4EFA24094DC0ECB116AA638441C0058CA44721094DC053FD9278668441C039FFE71125094DC04246EDF2698441C088CEECBD28094DC0DF21940E678441C0	available	330.75	\N	\N	6	\N	\N	8000	\N	\N	\N	\N	8
118	6	0103000020E610000001000000060000006651153911094DC0FE9BCC22668441C069B528F60D094DC0885A508C688441C0A90AA4280E094DC0E73E6C94698441C02D6B323111094DC0D3D852556C8441C04F7B2EF614094DC095AA0395698441C06651153911094DC0FE9BCC22668441C0	available	326.25	\N	\N	6	\N	\N	8000	\N	\N	\N	\N	8
119	7	0103000020E6100000010000000500000092581AF614094DC0AC7A1295698441C0D865303111094DC088635A556C8441C0814540FC14094DC0CBE367DC6F8441C074010DA518094DC03116F5F86C8441C092581AF614094DC0AC7A1295698441C0	available	330.75	\N	\N	6	\N	\N	8000	\N	\N	\N	\N	8
128	16	0103000020E610000001000000050000006078804721094DC0D758ED32608441C08B8291961D094DC047DE8616638441C00B38554821094DC08FFEC479668441C015C264FA24094DC00FF23CAA638441C06078804721094DC0D758ED32608441C0	available	330.75	\N	\N	6	\N	\N	8000	\N	\N	\N	\N	8
120	8	0103000020E61000000100000005000000AAC04DA418094DC0B28163F96C8441C080AC3FFC14094DC0213C68DC6F8441C027BD28B018094DC02946ED3F738441C056D170661C094DC057774469708441C0AAC04DA418094DC0B28163F96C8441C0	available	330.75	\N	\N	6	\N	\N	8000	\N	\N	\N	\N	8
121	9	0103000020E61000000100000006000000CA330A661C094DC0B0993569708441C0C73723B018094DC01EB6E33F738441C03E946FB71B094DC093EBD315768441C045EA97191D094DC0AE63A22A768441C0A6DE0A2D20094DC04C8C57D9738441C0CA330A661C094DC0B0993569708441C0	available	330.75	\N	\N	6	\N	\N	9000	\N	\N	\N	\N	8
135	7	0103000020E6100000010000000500000033B1B8D127054DC070661FA58A7A41C06454B7F02A054DC069B3767D8D7A41C0908F03BF1E054DC0A37208C1967A41C05225BBAF1B054DC0578C07E6937A41C033B1B8D127054DC070661FA58A7A41C0	available	485.55	\N	\N	6	\N	\N	12000	\N	\N	\N	\N	27
117	5	0103000020E610000001000000050000008DA81AC41A094DC075FD04566B8441C06C5750A418094DC043A38EF96C8441C05431023911094DC0BEA6D722668441C0D521A86913094DC00C85EE7D648441C08DA81AC41A094DC075FD04566B8441C0	available	378.00	\N	\N	6	\N	\N	7000	\N	\N	\N	\N	8
122	10	0103000020E61000000100000005000000638A1AC41A094DC060F504566B8441C0D0E1EFA118094DC0899018F96C8441C001B3452C20094DC0F96163D9738441C02D5FDC5922094DC07FB56733728441C0638A1AC41A094DC060F504566B8441C0	available	378.00	\N	\N	6	\N	\N	9000	\N	\N	\N	\N	8
138	10	0103000020E6100000010000000500000061AFD91931054DC053AF1D2D937A41C0C077B82734054DC08AFC9500967A41C0B3DE5AF727054DC0955E944B9F7A41C076F8D8F424054DC012A4605B9C7A41C061AFD91931054DC053AF1D2D937A41C0	available	485.24	\N	\N	6	\N	\N	12000	\N	\N	\N	\N	27
115	3	0103000020E61000000100000005000000A3C243B517094DC0FEEAF641618441C0B9FE2C9E15094DC04F08D5D7628441C033A534F31C094DC09DD686B6698441C0C291891E1F094DC017A76B1B688441C0A3C243B517094DC0FEEAF641618441C0	available	378.00	\N	\N	6	\N	\N	7000	\N	\N	\N	\N	8
116	4	0103000020E61000000100000005000000BC622F9E15094DC0F7A6D3D7628441C0D321A86913094DC00D85EE7D648441C0AEC91AC41A094DC0D33605566B8441C0115A37F31C094DC088B08AB6698441C0BC622F9E15094DC0F7A6D3D7628441C0	available	378.00	\N	\N	6	\N	\N	7000	\N	\N	\N	\N	8
123	11	0103000020E61000000100000005000000B9F835F31C094DC0864C88B6698441C003511AC41A094DC07E1605566B8441C06A54D15922094DC06A955433728441C06526217B24094DC0035BB795708441C0B9F835F31C094DC0864C88B6698441C0	available	378.00	\N	\N	6	\N	\N	9000	\N	\N	\N	\N	8
124	12	0103000020E61000000100000005000000FA8C891E1F094DC0D9A96B1B688441C0B9F835F31C094DC0864C88B6698441C06926217B24094DC0025BB795708441C02A0FA69726094DC0A53F67F36E8441C0FA8C891E1F094DC0D9A96B1B688441C0	available	378.00	\N	\N	6	\N	\N	9000	\N	\N	\N	\N	8
125	13	0103000020E610000001000000050000001C63944821094DC056569D79668441C0970E4B1E1F094DC00D310D1B688441C0E6A6869726094DC089B449F36E8441C06D4879C328094DC0484F7C526D8441C01C63944821094DC056569D79668441C0	available	378.00	\N	\N	6	\N	\N	9000	\N	\N	\N	\N	8
126	14	0103000020E6100000010000000600000087CEECBD28094DC0D521940E678441C0AE48600E25094DC01EE1B7ED698441C0068375C328094DC09D4C7B526D8441C0A94A0EE92B094DC03254C5EA6A8441C09DF055D52B094DC018E00AE0698441C087CEECBD28094DC0D521940E678441C0	available	326.25	\N	\N	6	\N	\N	9000	\N	\N	\N	\N	8
129	1	0103000020E6100000010000000600000081E708973A054DC012106165737A41C038E701D138054DC038315C5A737A41C0CA7D497635054DC02367B9FD757A41C0CC41AC9E3B054DC05F7271BA7B7A41C0136A31EF3F054DC07B26F685787A41C081E708973A054DC012106165737A41C0	available	327.05	\N	\N	6	\N	\N	12000	\N	\N	\N	\N	27
130	2	0103000020E610000001000000050000005091167835054DC0F20C5BFD757A41C02E11494E31054DC0FF785B25797A41C0E48A0D6E37054DC0302CA8D57E7A41C0F811E89D3B054DC0E4E9EFB97B7A41C05091167835054DC0F20C5BFD757A41C0	available	331.20	\N	\N	6	\N	\N	12000	\N	\N	\N	\N	27
136	8	0103000020E61000000100000005000000C0EEB6F02A054DC02598767D8D7A41C01BE7DA062E054DC036FE6F56907A41C0C35FC9ED21054DC05608D793997A41C062B3D1BE1E054DC0B2DFF0C0967A41C0C0EEB6F02A054DC02598767D8D7A41C0	available	485.44	\N	\N	6	\N	\N	12000	\N	\N	\N	\N	27
137	9	0103000020E610000001000000050000001261B1062E054DC0447C7256907A41C086BF581A31054DC034BB3F2D937A41C024140DF524054DC04EAE6E5B9C7A41C0CCAC94EE21054DC0C8810D94997A41C01261B1062E054DC0447C7256907A41C0	available	485.34	\N	\N	6	\N	\N	12000	\N	\N	\N	\N	27
132	4	0103000020E6100000010000000500000015F970A121054DC089D94EDB847A41C0EAE673841D054DC059A074EF877A41C0BD945ABC23054DC0025CA0BC8D7A41C0735DB9D127054DC01CD81EA58A7A41C015F970A121054DC089D94EDB847A41C0	available	323.72	\N	\N	6	\N	\N	12000	\N	\N	\N	\N	27
133	5	0103000020E6100000010000000500000033A2DC861D054DC07C90CEF2877A41C0A300B56819054DC0F47EB8FC8A7A41C0D4197EB41F054DC09B487BD6907A41C0F2155BBC23054DC0E311A0BC8D7A41C033A2DC861D054DC07C90CEF2877A41C0	available	323.52	\N	\N	6	\N	\N	12000	\N	\N	\N	\N	27
134	6	0103000020E610000001000000060000001D858E6819054DC0581D48FD8A7A41C049F5FB2D16054DC0C795D7798D7A41C05BE3C21B16054DC01ABE1CD48E7A41C0500BCCAF1B054DC0FF6525E6937A41C0901521B41F054DC0912CDAD5907A41C01D858E6819054DC0581D48FD8A7A41C0	available	319.68	\N	\N	6	\N	\N	12000	\N	\N	\N	\N	27
139	11	0103000020E6100000010000000500000037D0D92734054DC083BF8400967A41C0671C6E3537054DC0B1AD46C7987A41C03C69F3052B054DC0C203F91CA27A41C0BDD1FFF627054DC003F0C84B9F7A41C037D0D92734054DC083BF8400967A41C0	available	485.14	\N	\N	6	\N	\N	12000	\N	\N	\N	\N	27
140	12	0103000020E61000000100000005000000B72E4D3537054DC028273CC7987A41C0DFA0F7593A054DC02A745BA49B7A41C0AEC561212E054DC0522D1503A57A41C03E69F3052B054DC0C203F91CA27A41C0B72E4D3537054DC028273CC7987A41C0	available	485.03	\N	\N	6	\N	\N	12000	\N	\N	\N	\N	27
90	14	0103000020E6100000010000000600000045F887FD2C0C4DC01CFB9827E37941C06E9D27132D0C4DC04A3A7FC8E47941C0555EFC72290C4DC0F6410138E77941C050CBDECF200C4DC0CB5A56F5DE7941C06D0CE218250C4DC0DDAF4B01DC7941C045F887FD2C0C4DC01CFB9827E37941C0	available	295.50	\N	\N	6	\N	\N	17000	\N	\N	\N	\N	12
91	11	0103000020E6100000010000000600000071AA6D17180C4DC03E552005E57941C0E99938BE130C4DC0B5B7F0CDE77941C00FAECA991B0C4DC0472C963FEF7941C024BBBDAD1D0C4DC072FD7459EF7941C079FE97D6200C4DC0ED7D4F1DED7941C071AA6D17180C4DC03E552005E57941C0	available	295.50	\N	\N	6	\N	\N	17000	\N	\N	\N	\N	12
141	13	0103000020E610000001000000060000003B7BD04A32054DC0AB5128CFA17A41C0FD96087F38054DC05D2BAA7EA77A41C0E4A6052B35054DC051631619AA7A41C0DAD8047D33054DC062B7AE09AA7A41C0ADC561212E054DC0532D1503A57A41C03B7BD04A32054DC0AB5128CFA17A41C0	available	318.98	\N	\N	6	\N	\N	12000	\N	\N	\N	\N	27
142	14	0103000020E610000001000000050000003754265736054DC05983ADB69E7A41C0C6019A4A32054DC0A59EF3CFA17A41C0426FDF7E38054DC0ED2AAB7EA77A41C07E6C15873C054DC01E0D6860A47A41C03754265736054DC05983ADB69E7A41C0	available	323.04	\N	\N	6	\N	\N	12000	\N	\N	\N	\N	27
86	4	0103000020E61000000100000005000000AB9ABCFA210C4DC033177FA5C17941C00BCF17741D0C4DC0D4850C9ABD7941C0CB0ADA00140C4DC01912731EC47941C0F58D445C180C4DC0E372173AC87941C0AB9ABCFA210C4DC033177FA5C17941C0	available	328.77	\N	\N	6	\N	\N	11000	\N	\N	\N	\N	11
87	3	0103000020E61000000100000005000000D7E1C8791D0C4DC0783FE8A3BD7941C09538C6E8180C4DC03294AE95B97941C060CCB3900F0C4DC07F7D40FDBF7941C08F9E6000140C4DC09DC2A01DC47941C0D7E1C8791D0C4DC0783FE8A3BD7941C0	available	326.26	\N	\N	6	\N	\N	11000	\N	\N	\N	\N	11
88	2	0103000020E61000000100000005000000EEC5E1EC180C4DC005774F93B97941C0CC396674140C4DC0517B3691B57941C0BE4706180B0C4DC027BCBDE9BB7941C020E95A900F0C4DC030398CFEBF7941C0EEC5E1EC180C4DC005774F93B97941C0	available	323.75	\N	\N	6	\N	\N	11000	\N	\N	\N	\N	11
89	1	0103000020E6100000010000000600000077821577140C4DC0BF6F608CB57941C0DB92EEEF0F0C4DC0ACB17578B17941C03045C7A2070C4DC00E0F1C1AB77941C082FEDCB3070C4DC0E462AEE0B87941C0767A31190B0C4DC03894F8E7BB7941C077821577140C4DC0BF6F608CB57941C0	available	316.75	\N	\N	6	\N	\N	12000	\N	\N	\N	\N	11
105	3	0103000020E61000000100000005000000162FA1A4010C4DC01AE8F66AC97941C08EB82F4BFD0B4DC0B4077E68CC7941C084DFFF76F40B4DC0A0B7DE3EC47941C0CBC0CFC9F80B4DC02CA95052C17941C0162FA1A4010C4DC01AE8F66AC97941C0	available	3000.00	\N	\N	6	\N	\N	11000	\N	\N	\N	\N	12
106	13	0103000020E61000000100000005000000A49670B8200C4DC0DBF807FFDE7941C078B3CD5B1C0C4DC053F7ECF8E17941C03C8B1149250C4DC0C5852426EA7941C0C3199071290C4DC097538A35E77941C0A49670B8200C4DC0DBF807FFDE7941C0	available	300.00	\N	\N	6	\N	\N	15000	\N	\N	\N	\N	12
108	1	0103000020E610000001000000060000009445F64F0A0C4DC03427D48DC37941C02C23C4FE050C4DC070B6CE77C67941C0CCD8AF20FD0B4DC0F99B3A4CBE7941C07AA3F964000C4DC07FC7731DBC7941C034EE2887020C4DC09F84F362BC7941C09445F64F0A0C4DC03427D48DC37941C0	available	295.00	\N	\N	6	\N	\N	12000	\N	\N	\N	\N	12
109	4	0103000020E61000000100000006000000C7B9F04DFD0B4DC03C51FD65CC7941C0FC4B75FCF80B4DC023208A5ACF7941C0BEDD5337F10B4DC0BA56A530C87941C0E5D5C32BF10B4DC0FB021C71C67941C068BDBD76F40B4DC0BA381B3EC47941C0C7B9F04DFD0B4DC03C51FD65CC7941C0	available	395.50	\N	\N	6	\N	\N	12000	\N	\N	\N	\N	12
150	14	0103000020E61000000100000006000000E6674961160C4DC05D50195FF47941C073DFD755160C4DC06729FE97F27941C0BB546F880E0C4DC0CC2BFC62EB7941C0A8851B280A0C4DC0F1607667EE7941C0ABE5F00E130C4DC0E1380696F67941C0E6674961160C4DC05D50195FF47941C0	available	295.50	\N	\N	6	\N	\N	17000	\N	\N	\N	\N	13
151	11	0103000020E610000001000000060000002B573184010C4DC045843651F47941C0A261C14DFD0B4DC0E7D8E42EF77941C0DA05C2F7040C4DC010B37F72FE7941C0F038E130070C4DC0C2372FBDFE7941C06DEA3A670A0C4DC046273379FC7941C02B573184010C4DC045843651F47941C0	available	295.50	\N	\N	6	\N	\N	17000	\N	\N	\N	\N	13
152	13	0103000020E6100000010000000500000016E57B0B130C4DC02C161995F67941C095A589B70E0C4DC02C564872F97941C0455633D7050C4DC08EDF8051F17941C03BBD9A290A0C4DC07932CA68EE7941C016E57B0B130C4DC02C161995F67941C0	available	300.00	\N	\N	6	\N	\N	15000	\N	\N	\N	\N	13
153	12	0103000020E610000001000000050000007529E2AF0E0C4DC09035D268F97941C02006CC5C0A0C4DC05D081C7AFC7941C002175483010C4DC0983BFB50F47941C08C18E8D7050C4DC009067651F17941C07529E2AF0E0C4DC09035D268F97941C0	available	300.00	\N	\N	6	\N	\N	15000	\N	\N	\N	\N	13
154	15	0103000020E6100000010000000500000043082C890E0C4DC0AD2D1961EB7941C0ADA584130A0C4DC00595E140E77941C05D507569010C4DC081CE7A48ED7941C0AA9208D9050C4DC0F3E9FB4EF17941C043082C890E0C4DC0AD2D1961EB7941C0	available	300.00	\N	\N	6	\N	\N	11000	2025-02-07 00:39:00.801	\N	\N	\N	13
155	10	0103000020E61000000100000005000000B7C885E6050C4DC09A620A4DF17941C06E613168010C4DC0D8BC4946ED7941C0CA5E07C8F80B4DC07F79692CF37941C0A20C204FFD0B4DC091631A2EF77941C0B7C885E6050C4DC09A620A4DF17941C0	available	300.00	\N	\N	6	\N	\N	11000	2025-02-07 00:40:00.109	\N	\N	\N	13
156	9	0103000020E6100000010000000500000077AEB76D010C4DC01B83534DED7941C07179B2D1FC0B4DC0545A451DE97941C04DC9684EF40B4DC0CAA2CB02EF7941C03D3FA0D0F80B4DC0ABB48624F37941C077AEB76D010C4DC01B83534DED7941C0	available	300.00	\N	\N	6	\N	\N	11000	\N	\N	\N	\N	13
157	16	0103000020E61000000100000005000000CC24550E0A0C4DC0E2E07D3FE77941C0802811A4050C4DC007E7FF32E37941C0FF33D8CFFC0B4DC0735B2F24E97941C0E1D20379010C4DC0B1EAA54CED7941C0CC24550E0A0C4DC0E2E07D3FE77941C0	available	300.00	\N	\N	6	\N	\N	11000	\N	\N	\N	\N	13
158	17	0103000020E610000001000000050000006127279D050C4DC097A12531E37941C08F263B17010C4DC0F9913E1DDF7941C0C0820134F80B4DC00FA1EF1CE57941C0A7A261CFFC0B4DC0BDDBE925E97941C06127279D050C4DC097A12531E37941C0	available	300.00	\N	\N	6	\N	\N	11000	\N	\N	\N	\N	13
159	8	0103000020E6100000010000000500000010A2ECCBFC0B4DC005B9FC24E97941C0A539AE46F80B4DC0D2CD611CE57941C0158188E5EF0B4DC013281EF1EA7941C0385B5452F40B4DC03A45FE01EF7941C010A2ECCBFC0B4DC005B9FC24E97941C0	available	300.00	\N	\N	6	\N	\N	11000	\N	\N	\N	\N	13
160	7	0103000020E61000000100000005000000706D5746F80B4DC09DBBBB16E57941C079385100F40B4DC074ADC8E3E07941C04E70CA67EB0B4DC08E6F42E1E67941C04272A0F4EF0B4DC09DC403F7EA7941C0706D5746F80B4DC09DBBBB16E57941C0	available	300.00	\N	\N	6	\N	\N	11000	\N	\N	\N	\N	13
161	18	0103000020E610000001000000050000006DE1B83BF80B4DC07078B522E57941C07317C309F40B4DC02E1605EAE07941C0FDC179C0FC0B4DC0218D56F8DA7941C0F6ED2E25010C4DC0608A9219DF7941C06DE1B83BF80B4DC07078B522E57941C0	available	300.00	\N	\N	6	\N	\N	11000	\N	\N	\N	\N	13
162	19	0103000020E610000001000000050000004A7ACBB0FC0B4DC05F038CFBDA7941C065163547F80B4DC0F02D5AFAD67941C0FD6C6897EF0B4DC06EFCE2EDDC7941C0B7199717F40B4DC00FA1B9EDE07941C04A7ACBB0FC0B4DC05F038CFBDA7941C0	available	300.00	\N	\N	6	\N	\N	11000	\N	\N	\N	\N	13
163	6	0103000020E610000001000000050000005216D902F40B4DC0BCD02AE8E07941C08C278E95EF0B4DC090FDCCF4DC7941C0099514F4E60B4DC0F80C88CEE27941C053FC6872EB0B4DC0BAB248D5E67941C05216D902F40B4DC0BCD02AE8E07941C0	available	300.00	\N	\N	6	\N	\N	11000	\N	\N	\N	\N	13
164	5	0103000020E61000000100000005000000AE28789CEF0B4DC00143A7F6DC7941C0845D990DEB0B4DC0B18001BFD87941C03B20C778E20B4DC08840A7AEDE7941C0C071B2EFE60B4DC0D1EA0FD1E27941C0AE28789CEF0B4DC00143A7F6DC7941C0	available	300.00	\N	\N	6	\N	\N	11000	\N	\N	\N	\N	13
165	20	0103000020E61000000100000005000000F4D05A45F80B4DC0112F4401D77941C0E35939BCF30B4DC0BFD7AEDDD27941C03519A912EB0B4DC043C7C5C7D87941C08C278E95EF0B4DC090FDCCF4DC7941C0F4D05A45F80B4DC0112F4401D77941C0	available	300.00	\N	\N	6	\N	\N	11000	\N	\N	\N	\N	13
166	2	0103000020E610000001000000050000002EB6B27DEF0B4DC07D0CB9CBD57941C07BDDCE98E60B4DC09D6AA6AACD7941C0A1ACBF48E20B4DC0BC16D0A2D07941C05C3B2110EB0B4DC0FAA363C3D87941C02EB6B27DEF0B4DC07D0CB9CBD57941C0	available	300.00	\N	\N	6	\N	\N	11000	\N	\N	\N	\N	13
167	3	0103000020E610000001000000050000005EAAEB3AE20B4DC0DA8B1B9FD07941C0D0312EDBDD0B4DC039AE7A9AD37941C0A40BFCC6E60B4DC08A9567BDDB7941C00541B332EB0B4DC02EFFA6CCD87941C05EAAEB3AE20B4DC0DA8B1B9FD07941C0	available	300.00	\N	\N	6	\N	\N	11000	\N	\N	\N	\N	13
168	1	0103000020E61000000100000006000000931549C1F30B4DC0511E73E6D27941C01D900200EC0B4DC08C50E798CB7941C0AD7417ACE90B4DC0E348E97ACB7941C0C400319DE60B4DC0C48C1EA8CD7941C02A2A1473EF0B4DC04FC9B2D7D57941C0931549C1F30B4DC0511E73E6D27941C0	available	295.50	\N	\N	6	\N	\N	12000	\N	\N	\N	\N	13
169	4	0103000020E610000001000000060000001B7264BFE60B4DC0AE2B41B0DB7941C0417708DDDD0B4DC017AD9093D37941C065E37E88DA0B4DC08784C1CBD57941C02B3C7F99DA0B4DC018A81E7ED77941C0A6441384E20B4DC020A8F9ADDE7941C01B7264BFE60B4DC0AE2B41B0DB7941C0	available	295.50	\N	\N	6	\N	\N	12000	\N	\N	\N	\N	13
177	10	0103000020E610000001000000060000004EA5C4D6FF0B4DC021A6EDA0037A41C0A307D9EAFB0B4DC0653F9653067A41C06409BFF3F20B4DC07CF05631FE7941C04EB114FDF70B4DC051B9ACBCFA7941C046419FD6FF0B4DC0C3E624D9017A41C04EA5C4D6FF0B4DC021A6EDA0037A41C0	available	340.62	\N	\N	6	\N	\N	17000	\N	\N	\N	\N	14
178	9	0103000020E61000000100000005000000EC2A3BEFFB0B4DC08D610E51067A41C05B7402E2F60B4DC0982CBEAA097A41C059572E02EE0B4DC04BD16F92017A41C0D44E99F5F20B4DC05AEF6C2AFE7941C0EC2A3BEFFB0B4DC08D610E51067A41C0	available	344.88	\N	\N	6	\N	\N	15	\N	\N	\N	\N	14
179	8	0103000020E61000000100000005000000B38F1103F80B4DC055FFFBC1FA7941C0FF4050F7ED0B4DC01BB32AAD017A41C0AF4AA889E90B4DC02A033068FD7941C079F6777CF30B4DC04CCBC8A2F67941C0B38F1103F80B4DC055FFFBC1FA7941C0	available	345.00	\N	\N	6	\N	\N	11000	\N	\N	\N	\N	14
180	7	0103000020E610000001000000050000000AB19D7AF30B4DC06DCCB2A9F67941C0108E39F7EE0B4DC018E02D9AF27941C0434D7A18E50B4DC0DEC3D759F97941C067274685E90B4DC002E1B76AFD7941C00AB19D7AF30B4DC06DCCB2A9F67941C0	available	345.00	\N	\N	6	\N	\N	11000	\N	\N	\N	\N	14
181	6	0103000020E61000000100000005000000F218EEFAEE0B4DC0D5DD598CF27941C0CE3E228EEA0B4DC0B1C0797BEE7941C025943CA2E00B4DC0003EBB42F57941C025D82E1CE50B4DC09BC1034CF97941C0F218EEFAEE0B4DC0D5DD598CF27941C0	available	345.00	\N	\N	6	\N	\N	11000	\N	\N	\N	\N	14
182	5	0103000020E610000001000000050000005CF9478CEA0B4DC0D3C16382EE7941C0EC662A2FE60B4DC0702E4E6EEA7941C0E5D91425DC0B4DC0B172C429F17941C0B96FF096E00B4DC068D66843F57941C05CF9478CEA0B4DC0D3C16382EE7941C0	available	345.00	\N	\N	6	\N	\N	11000	\N	\N	\N	\N	14
183	4	0103000020E6100000010000000500000054FFD72FE60B4DC0DB529A79EA7941C06FCBBC9AE10B4DC0856F664BE67941C0B5BD2CCBD70B4DC002275D25ED7941C04ADDD239DC0B4DC00443532FF17941C054FFD72FE60B4DC0DB529A79EA7941C0	available	345.00	\N	\N	6	\N	\N	11000	\N	\N	\N	\N	14
184	3	0103000020E6100000010000000500000090CCA6A1E10B4DC0F4B4404DE67941C0D7162740DD0B4DC069FFB23BE27941C0E2BC4045D30B4DC063177611E97941C0B4BD2CCBD70B4DC001275D25ED7941C090CCA6A1E10B4DC0F4B4404DE67941C0	available	345.00	\N	\N	6	\N	\N	11000	\N	\N	\N	\N	14
185	2	0103000020E61000000100000005000000DD37B536DD0B4DC0AF967635E27941C0C69F05B7D80B4DC017A81D18DE7941C0A20219C8CE0B4DC0144C7FF8E47941C0FE9C9C55D30B4DC08EC58C19E97941C0DD37B536DD0B4DC0AF967635E27941C0	available	345.00	\N	\N	6	\N	\N	11000	\N	\N	\N	\N	14
186	1	0103000020E61000000100000006000000703A87C5D80B4DC066571E27DE7941C0FB66F876D50B4DC025805127DB7941C03E25F639D30B4DC0538FA7C1DA7941C00EE37259CA0B4DC0143089EEE07941C03549DDD0CE0B4DC066906FF3E47941C0703A87C5D80B4DC066571E27DE7941C0	available	340.50	\N	\N	6	\N	\N	12000	\N	\N	\N	\N	14
187	22	0103000020E610000001000000050000008490811646054DC0E0676C197E7A41C0FE36116E39054DC09B6B988A877A41C0E7A40B983C054DC0A17CD93F8A7A41C0A10B0E1B49054DC01E33B3DC807A41C08490811646054DC0E0676C197E7A41C0	available	496.28	\N	\N	6	\N	\N	12000	\N	\N	\N	\N	27
144	16	0103000020E61000000100000005000000B71EAB044A054DC049BF41CA8F7A41C0A19212E545054DC0464327F5927A41C0C632041B4C054DC03BEBA6C2987A41C02534454850054DC0B34B89A6957A41C0B71EAB044A054DC049BF41CA8F7A41C0	available	329.53	\N	\N	6	\N	\N	12000	\N	\N	\N	\N	27
145	17	0103000020E610000001000000050000000803937F54054DC0F0A3DD76927A41C08AD2D44850054DC038C7AFA6957A41C031A384044A054DC0AD5DD1CA8F7A41C057B99E234E054DC0B6CBA29F8C7A41C00803937F54054DC0F0A3DD76927A41C0	available	331.88	\N	\N	6	\N	\N	12000	\N	\N	\N	\N	27
146	18	0103000020E61000000100000006000000429FBF4D52054DC0043FC06E897A41C0406BCF234E054DC03EB6CF9F8C7A41C099715E7F54054DC0FC968276927A41C01F53B8D157054DC026399AF78F7A41C08D0BF3E657054DC0C7B01C928E7A41C0429FBF4D52054DC0043FC06E897A41C0	available	327.73	\N	\N	6	\N	\N	12000	\N	\N	\N	\N	27
147	19	0103000020E610000001000000050000004F92644D52054DC075D0F46E897A41C06B74AF3B4F054DC0E73C718B867A41C0EF3BD1CE42054DC073E0CE0F907A41C098D7C3E445054DC0A24FE9F4927A41C04F92644D52054DC075D0F46E897A41C0	available	496.57	\N	\N	6	\N	\N	12000	\N	\N	\N	\N	27
148	20	0103000020E6100000010000000500000070A7CA394C054DC09552F2B6837A41C060810A3C4F054DC078AB3C8B867A41C06B25B3CE42054DC0411DF50F907A41C044E767BC3F054DC0FB3F5C2E8D7A41C070A7CA394C054DC09552F2B6837A41C0	available	496.46	\N	\N	6	\N	\N	12000	\N	\N	\N	\N	27
149	21	0103000020E610000001000000050000008A35001B49054DC01D2B72DC807A41C05F906C973C054DC0AB1CDF408A7A41C006257BBC3F054DC0CD70142E8D7A41C0692DE3394C054DC0A38302B7837A41C08A35001B49054DC01D2B72DC807A41C0	available	496.36	\N	\N	6	\N	\N	12000	\N	\N	\N	\N	27
188	23	0103000020E610000001000000050000001AA2821646054DC006795F197E7A41C0B76207F742054DC07773EE4E7B7A41C07D640E8836054DC0CEABD0AD847A41C01620C86A39054DC04B9CE784877A41C01AA2821646054DC006795F197E7A41C0	available	496.16	\N	\N	6	\N	\N	12000	\N	\N	\N	\N	27
189	24	0103000020E610000001000000050000007BC88EF642054DC0E777644F7B7A41C0ACD031EF3F054DC0EAD8F685787A41C0DC80F36833054DC03B5962D1817A41C01DC6198836054DC0A219CAAD847A41C07BC88EF642054DC0E777644F7B7A41C0	available	496.05	\N	\N	6	\N	\N	12000	\N	\N	\N	\N	27
131	3	0103000020E6100000010000000500000053BC874D31054DC0B517CB25797A41C07CCCCA342D054DC012B04A257C7A41C0108DE16833054DC0C8895DD1817A41C047299D6E37054DC0B7A7CED57E7A41C053BC874D31054DC0B517CB25797A41C0	available	329.05	\N	\N	6	\N	\N	12000	\N	\N	\N	\N	27
143	15	0103000020E610000001000000050000004F2CC9593A054DC029B05DA49B7A41C064CEDD5236054DC008E156BC9E7A41C0737970873C054DC0AE7B3360A47A41C02D07D47540054DC050504C65A17A41C04F2CC9593A054DC029B05DA49B7A41C0	available	323.24	\N	\N	6	\N	\N	12000	\N	\N	\N	\N	27
202	13	0103000020E610000001000000060000002B1749DE5B054DC0B742CC86C87A41C0565CA2CF58054DC08C3F76D9CA7A41C0C2EF7F1557054DC0E440CEDDCA7A41C0C228959751054DC0AEA2CAD7C57A41C009BDDCA355054DC0645FF3CEC27A41C02B1749DE5B054DC0B742CC86C87A41C0	available	318.06	\N	\N	6	\N	\N	15000	\N	\N	\N	\N	26
197	8	0103000020E61000000100000005000000B8429F654E054DC0F2C5CB57AE7A41C054F0A77551054DC0C237F832B17A41C08C5F9A4645054DC0CCB4CB67BA7A41C0C4AEE64042054DC0099C0E87B77A41C0B8429F654E054DC0F2C5CB57AE7A41C0	available	484.27	\N	\N	6	\N	\N	12000	\N	\N	\N	\N	26
193	4	0103000020E61000000100000005000000899FF72145054DC009A8C7BCA57A41C0B9112A0F41054DC0CD36ECD0A87A41C095831A3647054DC06D428699AE7A41C02E288D464B054DC0D5C45E6CAB7A41C0899FF72145054DC009A8C7BCA57A41C0	available	323.00	\N	\N	6	\N	\N	12000	\N	\N	\N	\N	26
194	5	0103000020E6100000010000000500000020EA2C0F41054DC04092EAD0A87A41C07D3FF1EE3C054DC050AD8BEAAB7A41C01192CC1043054DC0F95844B6B17A41C0BA4F193647054DC057BF8A99AE7A41C020EA2C0F41054DC04092EAD0A87A41C0	available	322.80	\N	\N	6	\N	\N	12000	\N	\N	\N	\N	26
195	6	0103000020E61000000100000006000000310E07EF3C054DC04E5031EAAB7A41C09672BABF39054DC05E2F8364AE7A41C0C553FEB139054DC0E533FCBFAF7A41C0D20406233F054DC02F6804B5B47A41C06FB5F70F43054DC0E811F8B5B17A41C0310E07EF3C054DC04E5031EAAB7A41C0	available	318.74	\N	\N	6	\N	\N	12000	\N	\N	\N	\N	26
196	7	0103000020E61000000100000005000000A03262464B054DC0BC7F666CAB7A41C0FEF9A4664E054DC03964DF57AE7A41C01C04EE4042054DC05B2B0E87B77A41C014BCEB223F054DC0B3E1D6B4B47A41C0A03262464B054DC0BC7F666CAB7A41C0	available	484.37	\N	\N	6	\N	\N	12000	\N	\N	\N	\N	26
198	9	0103000020E6100000010000000500000080456D7551054DC03DBDFB32B17A41C042B1859354054DC048DEE612B47A41C021C5346248054DC0E225FD44BD7A41C08690944645054DC0E380B467BA7A41C080456D7551054DC03DBDFB32B17A41C0	available	484.16	\N	\N	6	\N	\N	12000	\N	\N	\N	\N	26
199	10	0103000020E6100000010000000500000007AB629354054DC015EAEB12B47A41C0BC6921A957054DC0C0AFDCFAB67A41C0F7FA48774B054DC09383E524C07A41C038ADD26148054DC09D61BC44BD7A41C007AB629354054DC015EAEB12B47A41C0	available	484.06	\N	\N	6	\N	\N	12000	\N	\N	\N	\N	26
200	11	0103000020E6100000010000000500000037F04EA957054DC00A67C2FAB67A41C0A464E4C95A054DC02EAAA8CAB97A41C0D1558E854E054DC0022EF800C37A41C0111AC2764B054DC0BA758C24C07A41C037F04EA957054DC00A67C2FAB67A41C0	available	483.96	\N	\N	6	\N	\N	12000	\N	\N	\N	\N	26
201	12	0103000020E61000000100000005000000A17A5EC75A054DC0F98C25B9B97A41C0157075DF5D054DC068C825A6BC7A41C0F0BA9B9751054DC04B04D6D7C57A41C0D2C18B854E054DC0366B9101C37A41C0A17A5EC75A054DC0F98C25B9B97A41C0	available	483.86	\N	\N	6	\N	\N	12000	\N	\N	\N	\N	26
203	14	0103000020E61000000100000005000000439D740060054DC03177C165C57A41C040FFE6DD5B054DC07E7E8B86C87A41C0C808ABA555054DC0ECDD61CEC27A41C067D45CD659054DC0F4E298ABBF7A41C0439D740060054DC03177C165C57A41C0	available	322.32	\N	\N	6	\N	\N	14000	\N	\N	\N	\N	26
204	15	0103000020E61000000100000005000000452875DF5D054DC029B525A6BC7A41C0ED8BFFD559054DC0E72A46ABBF7A41C06706750060054DC04C2DC265C57A41C0821A43F563054DC0A2F62D63C27A41C0452875DF5D054DC029B525A6BC7A41C0	available	322.52	\N	\N	6	\N	\N	14000	\N	\N	\N	\N	26
205	16	0103000020E61000000100000005000000A0DCEFAE6D054DC06F7CF3C3B07A41C06FD3567D69054DC06DB43AEBB37A41C0D325D1A96F054DC02F96F2A2B97A41C0DC3F8ADF73054DC0F1E7137DB67A41C0A0DCEFAE6D054DC06F7CF3C3B07A41C0	available	331.88	\N	\N	6	\N	\N	14000	\N	\N	\N	\N	26
206	17	0103000020E61000000100000005000000268DD7E071054DC0BFF89F9BAD7A41C06519D9AE6D054DC0CDA000C4B07A41C0DA3F8ADF73054DC0F2E7137DB67A41C08551F21478054DC002694548B37A41C0268DD7E071054DC0BFF89F9BAD7A41C0	available	331.68	\N	\N	6	\N	\N	14000	\N	\N	\N	\N	26
207	18	0103000020E61000000100000006000000776C171276054DC057223576AA7A41C0F4BD8FE071054DC0FCBA8C9BAD7A41C0FABE601078054DC0F176DB4BB37A41C0149ECC6A7B054DC0E6B164C6B07A41C02572D3737B054DC0CD230D66AF7A41C0776C171276054DC057223576AA7A41C0	available	327.73	\N	\N	6	\N	\N	15000	\N	\N	\N	\N	26
190	1	0103000020E6100000010000000600000020E983125E054DC0FC1A163E947A41C0388B6A515C054DC018739A3B947A41C074D1272159054DC0EA6F86BE967A41C079456E4C5F054DC01247AA7B9C7A41C066405D8363054DC0E590E348997A41C020E983125E054DC0FC1A163E947A41C0	available	327.05	\N	\N	6	\N	\N	12000	\N	\N	\N	\N	26
191	2	0103000020E610000001000000050000000276292159054DC0504889BE967A41C0AEB6630255054DC046700DE5997A41C0462BD7315B054DC0F6332E9C9F7A41C0E5E1154F5F054DC0154FFA7C9C7A41C00276292159054DC0504889BE967A41C0	available	331.20	\N	\N	6	\N	\N	12000	\N	\N	\N	\N	26
192	3	0103000020E61000000100000005000000DA797A0255054DC0E94B00E5997A41C031D83CD350054DC07BA9F5179D7A41C0B109A90457054DC00AF5D9C8A27A41C01A5F43335B054DC03BEE5B9B9F7A41C0DA797A0255054DC0E94B00E5997A41C0	available	331.40	\N	\N	6	\N	\N	12000	\N	\N	\N	\N	26
208	19	0103000020E61000000100000005000000A9D6F5E972054DC069CD2796A77A41C04BA0831376054DC09CDC6275AA7A41C0EC466F7D69054DC02C8140EBB37A41C0DCD6485166054DC0210FF400B17A41C0A9D6F5E972054DC069CD2796A77A41C0	available	497.74	\N	\N	6	\N	\N	12000	\N	\N	\N	\N	26
209	20	0103000020E61000000100000005000000225F77EA72054DC0999D6395A77A41C0B7C1CED96F054DC072BB9EB8A47A41C0F2D7385B63054DC0C5495F4CAE7A41C0AD874E5166054DC00BC6F000B17A41C0225F77EA72054DC0999D6395A77A41C0	available	497.64	\N	\N	6	\N	\N	12000	\N	\N	\N	\N	26
210	21	0103000020E61000000100000005000000E99016DA6F054DC035F9B1B8A47A41C0DFB5B1C56C054DC0E10188D3A17A41C0BDB1B83F60054DC0BFAB3850AB7A41C01E6A3F5B63054DC064AB6A4CAE7A41C0E99016DA6F054DC035F9B1B8A47A41C0	available	497.54	\N	\N	6	\N	\N	12000	\N	\N	\N	\N	26
211	22	0103000020E610000001000000050000003C492C9D69054DC074369FF09E7A41C03D97B2C56C054DC098AC96D3A17A41C074FAD23F60054DC038326650AB7A41C088EF191E5D054DC0A925DC65A87A41C03C492C9D69054DC074369FF09E7A41C0	available	497.44	\N	\N	6	\N	\N	12000	\N	\N	\N	\N	26
212	23	0103000020E61000000100000005000000ABBB3C9A66054DC0D14BB4189C7A41C0EA9EA19D69054DC0882B98F09E7A41C0C7B0121F5D054DC019BBB866A87A41C0B99906135A054DC0989D22A1A57A41C0ABBB3C9A66054DC0D14BB4189C7A41C0	available	497.33	\N	\N	6	\N	\N	12000	\N	\N	\N	\N	26
213	24	0103000020E61000000100000005000000EA8CB58263054DC0C239B448997A41C0EA7E539A66054DC07527A7189C7A41C0EB684E135A054DC05DDB35A1A57A41C05DF1310457054DC09FAAC3C8A27A41C0EA8CB58263054DC0C239B448997A41C0	available	497.23	\N	\N	6	\N	\N	12000	\N	\N	\N	\N	26
230	14	0103000020E610000001000000050000008CE0B5895D044DC0196938DCA67B41C0859635A156044DC06A834504AC7B41C05DFBB2A553044DC0CC027259A97B41C095988BB35A044DC035CF7F28A47B41C08CE0B5895D044DC0196938DCA67B41C0	available	324.98	\N	\N	6	\N	\N	10000	\N	\N	\N	\N	30
215	20	0103000020E610000001000000050000005AB1CCC06E044DC0DAB133D1B07B41C05B580E3D6B044DC04DD31D6EB37B41C009F86A1466044DC0AC1D0487AE7B41C04E75F28B69044DC007F73CF3AB7B41C05AB1CCC06E044DC0DAB133D1B07B41C0	available	300.04	\N	\N	6	\N	\N	9000	\N	\N	\N	\N	30
220	19	0103000020E61000000100000005000000472B303D6B044DC037BA0F6EB37B41C02369BCD467044DC0735F9BFBB57B41C0730F4B8A62044DC08ABF1123B17B41C0B2A6041566044DC05291EB86AE7B41C0472B303D6B044DC037BA0F6EB37B41C0	available	300.04	\N	\N	6	\N	\N	9000	\N	\N	\N	\N	30
221	18	0103000020E610000001000000060000006832BCD467044DC0A9009BFBB57B41C0480C9E1965044DC0911E2815B87B41C0820A5F8763044DC08FF48508B87B41C0E848750F5F044DC0C21EB9C3B37B41C03946ED8A62044DC0CFE67422B17B41C06832BCD467044DC0A9009BFBB57B41C0	available	295.54	\N	\N	6	\N	\N	11000	\N	\N	\N	\N	30
214	1	0103000020E61000000100000006000000F6DC5C9371044DC05E20768FAD7B41C07AFE139071044DC011926DBCAE7B41C0581472C06E044DC0F4CF29D1B07B41C0D570398969044DC00D0E14F3AB7B41C095696D0A6D044DC03AFFDF5DA97B41C0F6DC5C9371044DC05E20768FAD7B41C0	available	295.54	\N	\N	6	\N	\N	11000	\N	\N	\N	\N	30
232	16	0103000020E61000000100000005000000C559A73C60044DC00059E355A97B41C094E4252963044DC0C532C6F2AB7B41C052AF972C5C044DC0769A7F24B17B41C0913F2A6459044DC0E49D9C88AE7B41C0C559A73C60044DC00059E355A97B41C0	available	324.98	\N	\N	6	\N	\N	10000	\N	\N	\N	\N	30
226	10	0103000020E61000000100000005000000DAC133C44F044DC05EE3E5069A7B41C05D9F0A264C044DC0AAA3B8BD9C7B41C0A36DA17D51044DC016C8428FA17B41C03686201655044DC07F1C65EC9E7B41C0DAC133C44F044DC05EE3E5069A7B41C0	available	300.04	\N	\N	6	\N	\N	13000	\N	\N	\N	\N	30
223	7	0103000020E61000000100000005000000D86DC3DA5E044DC0FEBF2A449C7B41C099DD1AF65B044DC0621369B0997B41C0EF85201655044DC0561C65EC9E7B41C0903A90DA57044DC04D253B7FA17B41C0D86DC3DA5E044DC0FEBF2A449C7B41C0	available	324.98	\N	\N	6	\N	\N	11000	\N	\N	\N	\N	30
224	8	0103000020E61000000100000006000000E5CF768458044DC0D76F9A4F9C7B41C050BB9B3753044DC005F38E75977B41C0F21A460D56044DC0A7EA4D67957B41C0F332B46857044DC059FA3D60957B41C026B69FF45B044DC0FEFA43B1997B41C0E5CF768458044DC0D76F9A4F9C7B41C0	available	295.54	\N	\N	6	\N	\N	14000	\N	\N	\N	\N	30
225	9	0103000020E610000001000000050000004EBDA03753044DC08B427C75977B41C00AE60EC44F044DC0862E21079A7B41C0F6E4401655044DC0DCD081EC9E7B41C05C80898458044DC0D5719F4F9C7B41C04EBDA03753044DC08B427C75977B41C0	available	300.04	\N	\N	6	\N	\N	13000	\N	\N	\N	\N	30
218	4	0103000020E610000001000000050000003D39A77D64044DC004FC8286A17B41C0DE433E5667044DC0780E3A1BA47B41C090EFBE4060044DC0E363D857A97B41C0BA39B3895D044DC07BF338DCA67B41C03D39A77D64044DC004FC8286A17B41C0	available	324.98	\N	\N	6	\N	\N	11000	\N	\N	\N	\N	30
216	2	0103000020E61000000100000005000000D0982A256A044DC09981DBC3A67B41C0B315720A6D044DC0B53FE15DA97B41C008F86A1466044DC0AC1D0487AE7B41C01AF56A2963044DC0DAD3FFF2AB7B41C0D0982A256A044DC09981DBC3A67B41C0	available	324.98	\N	\N	6	\N	\N	11000	\N	\N	\N	\N	30
228	12	0103000020E61000000100000005000000CE9FBFDA57044DC088C81F7FA17B41C0A738381655044DC0056E57EC9E7B41C0F485B4FC4D044DC0298DF31FA47B41C07A6324D550044DC0DA767EBAA67B41C0CE9FBFDA57044DC088C81F7FA17B41C0	available	324.98	\N	\N	6	\N	\N	10000	\N	\N	\N	\N	30
231	15	0103000020E610000001000000050000005986ECA056044DC03A1C0104AC7B41C0F364076559044DC0ABF0A389AE7B41C0347F664060044DC071A9AC57A97B41C0AED4B1895D044DC08AD234DCA67B41C05986ECA056044DC03A1C0104AC7B41C0	available	324.98	\N	\N	6	\N	\N	10000	\N	\N	\N	\N	30
219	5	0103000020E6100000010000000500000084B4A87D64044DC02A218286A17B41C0E092D5B761044DC0CC424AEF9E7B41C0D5DA43B35A044DC069138E28A47B41C0BA39B3895D044DC07BF338DCA67B41C084B4A87D64044DC02A218286A17B41C0	available	324.98	\N	\N	6	\N	\N	11000	\N	\N	\N	\N	30
222	6	0103000020E6100000010000000500000027FF17B761044DC09CB6B7EF9E7B41C0CD45C3DA5E044DC072552B449C7B41C0DF6A89DA57044DC0AE4D067FA17B41C036EE3DB35A044DC0077F9128A47B41C027FF17B761044DC09CB6B7EF9E7B41C0	available	324.98	\N	\N	6	\N	\N	11000	\N	\N	\N	\N	30
229	13	0103000020E6100000010000000500000063908CDA57044DC01312FE7EA17B41C0284CDDD450044DC05382A7BAA67B41C06406E0A553044DC09501B85AA97B41C038F03FB35A044DC0E6D78F28A47B41C063908CDA57044DC01312FE7EA17B41C0	available	324.98	\N	\N	6	\N	\N	10000	\N	\N	\N	\N	30
217	3	0103000020E61000000100000005000000BC0C69256A044DC076CA11C4A67B41C01D1B455667044DC0B2E7451BA47B41C0A0C97B4060044DC00BACD657A97B41C0E4D7062863044DC037E809F4AB7B41C0BC0C69256A044DC076CA11C4A67B41C0	available	324.98	\N	\N	6	\N	\N	11000	\N	\N	\N	\N	30
227	11	0103000020E61000000100000006000000DFE90B7D51044DC021B81A8FA17B41C08038CCFC4D044DC0BADEE51FA47B41C0CEC7835B49044DC07348E9DC9F7B41C0E8744A7E49044DC0F30A44BC9E7B41C0418917264C044DC033DFC9BD9C7B41C0DFE90B7D51044DC021B81A8FA17B41C0	available	295.54	\N	\N	6	\N	\N	14000	\N	\N	\N	\N	30
233	17	0103000020E6100000010000000500000091FD6B2963044DC01A1501F3AB7B41C076B31F1566044DC07969DF86AE7B41C0C2C9910F5F044DC0662982C3B37B41C0E930D12B5C044DC05825D322B17B41C091FD6B2963044DC01A1501F3AB7B41C0	available	324.98	\N	\N	6	\N	\N	10000	\N	\N	\N	\N	30
\.


--
-- Data for Name: projects; Type: TABLE DATA; Schema: public; Owner: map_db
--

COPY public.projects (id, name, location, coordinates, photos, description) FROM stdin;
8	Bella Vista	Ruta 36  E calle 498 y 497	0103000020E61000000100000005000000621C7E01F60B4DC081ADC205097A41C0E83EAAAC570B4DC051B28E65777941C0665A38D5930B4DC0F9CB8D5A427941C08EA182B33E0C4DC09707098ADA7941C0621C7E01F60B4DC081ADC205097A41C0	{vellavista.png}	\N
7	El eden	calle 233 e 	0103000020E610000001000000050000003AD2F57A51094DC02FE24C0D508441C0FCE3C4502E094DC0AB35CF26308441C04C521276F9084DC0E47A5444578441C0C3A676A11C094DC057E87E38788441C03AD2F57A51094DC02FE24C0D508441C0	{eleden.png,"","",""}	A. ETCHEVERY- LA PLATA.
9	Santa Teresita	Calle 173 E 527 y 528	0103000020E61000000100000005000000A1812D1058054DC0096E8501CB7A41C0E470A3677B054DC06B672C35AF7A41C06045B49C39054DC0C6D1F9CB737A41C0FCFDABFF15054DC0168C80048E7A41C0A1812D1058054DC0096E8501CB7A41C0	{santateresita.png}	\N
10	Aromas	La Plata 35 y 173 	0103000020E610000001000000070000000E0194F98A044DC0061F9B01C57B41C0D9C8DABE6A044DC04485CCEBDC7B41C0C3BE316537044DC0A4A96B40AD7B41C0EE5B617237044DC07BEF432AAC7B41C0493A492856044DC0AAB1BF5F957B41C04E62545957044DC0613C5C61957B41C00E0194F98A044DC0061F9B01C57B41C0	{aromas.png,"",""}	\N
\.


--
-- Data for Name: spatial_ref_sys; Type: TABLE DATA; Schema: public; Owner: map_db
--

COPY public.spatial_ref_sys (srid, auth_name, auth_srid, srtext, proj4text) FROM stdin;
\.


--
-- Data for Name: streets; Type: TABLE DATA; Schema: public; Owner: map_db
--

COPY public.streets (id, project_id, name, coordinates) FROM stdin;
1	\N	calle 498	0102000020E610000002000000EE2DAC92D20B4DC00A51E1BD207A41C01EF5B782EC0A4DC0BF8F6AF8657941C0
2	\N	Calle 494	0102000020E6100000020000007FF045BB620C4DC097E58CAAC57941C0199F1CC5770B4DC05BC57A1EF57841C0
13	\N	calle 187	0102000020E61000000200000040347096B10B4DC02E2451FAF87841C0FB3A43AA0D0B4DC027B437B7817941C0
14	\N	calle 189	0102000020E6100000020000005C76184520094DC00A49821F767B41C0252D2D6B8A0B4DC0A88F8C37E87941C0
15	\N	calle 187	0102000020E610000002000000AD1F579FC5084DC035641C2D497B41C09423E97D360B4DC0F3DDD7255F7941C0
3	\N	calle 493	0102000020E6100000020000006E50AA6A760C4DC0DF6614AEB67941C038199B9A870B4DC0B9437A8AEE7841C0
9	\N	calle 190	0102000020E6100000020000005D5380B60F0C4DC0870B101BB07941C026070B8DC80B4DC0EE00670CDE7941C0
10	\N	calle 189	0102000020E61000000200000061EE8916DE0B4DC070E416D1827941C09CFBAE07940B4DC04114255AB17941C0
11	\N	Calle 188	0102000020E61000000200000067F59938AC0B4DC04A9E273D537941C055E3A4A8350B4DC08B4700F2A17941C0
8	\N	Calle 497	0102000020E6100000020000001C66B78BF40B4DC082AE103F087A41C04AD969B91B0B4DC0DC869795457941C0
12	\N	calle 187 bis	0102000020E610000002000000675A38D5930B4DC0FCCB8D5A427941C07C9508BE530B4DC0144FDE77767941C0
7	\N	Calle 496 bis	0102000020E6100000020000005A2083AD1A0C4DC04E84827D137A41C010B173CA630B4DC0EF0A65D76C7941C0
4	\N	calle 495 bis	0102000020E61000000200000055F76793290C4DC022636D74E77941C03EB6EEE89C0B4DC052490C4B5D7941C0
5	\N	calle 495	0102000020E61000000200000006A0D4BA410C4DC0B64FE670D97941C0C3CC5FEE930B4DC0856658F93E7941C0
6	\N	calle 496	0102000020E61000000200000022ADB6A9140C4DC09EC6F308F57941C013906830780B4DC01E1595FF5B7941C0
16	\N	Calle 172	0102000020E610000002000000527B43A136054DC04E6DE762AE7A41C0185E17F18A054DC0F33C79D36D7A41C0
17	\N	Calle  171	0102000020E6100000020000005854453C13054DC09C6AC211907A41C048170E4D5F054DC0E93D7F18567A41C0
18	\N	Calle 527	0102000020E6100000020000003B4E6EB517054DC075ED74E2527A41C0500987DC11064DC0519875D1267B41C0
\.


--
-- Data for Name: geocode_settings; Type: TABLE DATA; Schema: tiger; Owner: map_db
--

COPY tiger.geocode_settings (name, setting, unit, category, short_desc) FROM stdin;
\.


--
-- Data for Name: pagc_gaz; Type: TABLE DATA; Schema: tiger; Owner: map_db
--

COPY tiger.pagc_gaz (id, seq, word, stdword, token, is_custom) FROM stdin;
\.


--
-- Data for Name: pagc_lex; Type: TABLE DATA; Schema: tiger; Owner: map_db
--

COPY tiger.pagc_lex (id, seq, word, stdword, token, is_custom) FROM stdin;
\.


--
-- Data for Name: pagc_rules; Type: TABLE DATA; Schema: tiger; Owner: map_db
--

COPY tiger.pagc_rules (id, rule, is_custom) FROM stdin;
\.


--
-- Data for Name: topology; Type: TABLE DATA; Schema: topology; Owner: map_db
--

COPY topology.topology (id, name, srid, "precision", hasz) FROM stdin;
\.


--
-- Data for Name: layer; Type: TABLE DATA; Schema: topology; Owner: map_db
--

COPY topology.layer (topology_id, layer_id, schema_name, table_name, feature_column, feature_type, level, child_id) FROM stdin;
\.


--
-- Name: blocks_id_seq; Type: SEQUENCE SET; Schema: public; Owner: map_db
--

SELECT pg_catalog.setval('public.blocks_id_seq', 31, true);


--
-- Name: lots_id_seq; Type: SEQUENCE SET; Schema: public; Owner: map_db
--

SELECT pg_catalog.setval('public.lots_id_seq', 233, true);


--
-- Name: projects_id_seq; Type: SEQUENCE SET; Schema: public; Owner: map_db
--

SELECT pg_catalog.setval('public.projects_id_seq', 10, true);


--
-- Name: streets_id_seq; Type: SEQUENCE SET; Schema: public; Owner: map_db
--

SELECT pg_catalog.setval('public.streets_id_seq', 18, true);


--
-- Name: topology_id_seq; Type: SEQUENCE SET; Schema: topology; Owner: map_db
--

SELECT pg_catalog.setval('topology.topology_id_seq', 1, false);


--
-- Name: blocks blocks_pkey; Type: CONSTRAINT; Schema: public; Owner: map_db
--

ALTER TABLE ONLY public.blocks
    ADD CONSTRAINT blocks_pkey PRIMARY KEY (id);


--
-- Name: lots lots_pkey; Type: CONSTRAINT; Schema: public; Owner: map_db
--

ALTER TABLE ONLY public.lots
    ADD CONSTRAINT lots_pkey PRIMARY KEY (id);


--
-- Name: projects projects_pkey; Type: CONSTRAINT; Schema: public; Owner: map_db
--

ALTER TABLE ONLY public.projects
    ADD CONSTRAINT projects_pkey PRIMARY KEY (id);


--
-- Name: streets streets_pkey; Type: CONSTRAINT; Schema: public; Owner: map_db
--

ALTER TABLE ONLY public.streets
    ADD CONSTRAINT streets_pkey PRIMARY KEY (id);


--
-- Name: blocks blocks_project_id_fkey; Type: FK CONSTRAINT; Schema: public; Owner: map_db
--

ALTER TABLE ONLY public.blocks
    ADD CONSTRAINT blocks_project_id_fkey FOREIGN KEY (project_id) REFERENCES public.projects(id);


--
-- Name: lots lots_block_id_fkey; Type: FK CONSTRAINT; Schema: public; Owner: map_db
--

ALTER TABLE ONLY public.lots
    ADD CONSTRAINT lots_block_id_fkey FOREIGN KEY (block_id) REFERENCES public.blocks(id) ON DELETE CASCADE;


--
-- Name: streets streets_project_id_fkey; Type: FK CONSTRAINT; Schema: public; Owner: map_db
--

ALTER TABLE ONLY public.streets
    ADD CONSTRAINT streets_project_id_fkey FOREIGN KEY (project_id) REFERENCES public.projects(id);


--
-- PostgreSQL database dump complete
--

